node1,node2,CN,JC,AA,RA,PA
369,248917,0.0,0.0,0.0,0.0,0.0
16188,95846,0.9970249163257716,0.0,0.0,0.0,0.0
3571,7978,0.0,0.0,0.0,0.0,0.0
16801,64911,1.0,0.0,1.0,1.0,1.0
80429,49694,1.0,0.0,1.0,1.0,0.0
6669,6693,0.0,0.0,0.0,0.0,0.0
169754,11267,0.0,0.0,0.0,0.0,0.0
5226,170689,0.0,0.0,0.0,0.0,1.0
98639,66279,0.9970249163257716,0.0,1.0,1.0,0.0
5193,303217,0.0,0.0,0.0,0.0,0.0
27029,158955,0.0,0.0,0.0,0.0,0.0
364354,8903,0.0,0.0,0.0,0.0,0.0
56,1315,0.0,0.0,0.0,0.0,0.0
197986,6644,0.9970249163257716,0.0,0.0,0.0,0.0
330539,13813,0.0,0.0,0.0,0.0,0.9998140572703608
383,203714,0.0,0.0,0.0,0.0,0.0
16358,54009,1.0,0.0,0.0,0.0,0.0
3547,129280,0.0,0.0,0.0,0.0,0.0
33476,138860,0.0,0.0,0.0,0.0,0.0
67382,119429,0.0,0.0,0.0,0.0,0.0
98493,30075,0.0,0.0,0.0,0.0,0.0
69031,249845,0.9970249163257716,0.0,0.0,0.0,0.0
135630,13813,0.0,0.0,0.0,0.0,0.9998140572703608
46752,124930,1.0,0.0,1.0,1.0,0.0
100162,2941,1.0,0.0,0.0,0.0,0.0
71688,64816,0.0,0.0,0.0,0.0,0.0
104712,28476,0.0,0.0,0.0,0.0,0.0
11991,13754,0.9970249163257716,0.0,0.0,0.0,0.0
51181,28285,0.9970249163257716,0.0,1.0,1.0,0.0
197986,14729,0.9970249163257716,0.0,0.0,0.0,0.0
349,41733,0.0,0.0,0.0,0.0,1.0
83695,86501,0.0,0.0,0.0,0.0,0.0
14650,408152,0.0,0.0,0.0,0.0,0.0
280798,27875,0.0,0.0,0.0,0.0,0.0
166095,30231,0.0,0.0,0.0,0.0,0.0
5011,27027,0.0,0.0,0.0,0.0,0.0
43332,52761,0.0,0.0,0.0,0.0,0.0
6644,356539,0.0,0.0,0.0,0.0,0.0
9107,29493,0.0,0.0,0.0,0.0,0.0
100127,5226,0.0,0.0,0.0,0.0,1.0
36829,9968,0.0,0.0,0.0,0.0,0.0
7962,208183,1.0,0.0,1.0,1.0,0.0
8942,186603,0.0,0.0,0.0,0.0,0.0
237751,64911,0.0,0.0,0.0,0.0,0.0
23159,32351,0.9970249163257716,0.0,1.0,1.0,0.0
217199,24755,0.0,0.0,0.0,0.0,0.0
86249,130555,0.0,0.0,0.0,0.0,0.0
2010,92920,0.0,0.0,0.0,0.0,0.0
3571,8387,0.0,0.0,0.0,0.0,0.0
103824,30069,0.0,0.0,0.0,0.0,0.0
216,140402,0.0,0.0,0.0,0.0,0.0
40478,114224,0.0,0.0,0.0,0.0,0.0
34749,5247,0.0,0.0,0.0,0.0,0.0
55295,26352,0.0,0.0,0.0,0.0,0.0
3946,44084,0.0,0.0,0.0,0.0,0.0
349,192349,0.0,0.0,0.0,0.0,0.0
138369,12223,0.0,0.0,0.0,0.0,0.0
202936,47666,0.0,0.0,0.0,0.0,0.0
3704,4599,0.9970249163257716,0.0,0.0,0.0,0.0
29380,163378,0.0,0.0,0.0,0.0,0.0
77,624,0.0,0.0,0.0,0.0,0.0
7274,83874,0.0,0.0,0.0,0.0,0.0
213,220950,0.9970249163257716,0.0,0.0,0.0,0.0
11921,25907,0.9970249163257716,0.0,0.0,0.0,0.0
175865,26158,0.0,0.0,0.0,0.0,0.0
77579,31337,0.0,0.0,0.0,0.0,0.0
11991,12965,1.0,0.0,0.0,0.0,1.0
23569,455694,0.0,0.0,0.0,0.0,0.0
138369,12493,0.0,0.0,0.0,0.0,0.0
2010,16457,0.0,0.0,0.0,0.0,0.0
206498,149581,0.0,0.0,0.0,0.0,0.0
815,1828,0.0,0.0,0.0,0.0,0.0
51313,26139,0.0,0.0,0.0,0.0,0.0
100554,11921,0.0,0.0,0.0,0.0,0.0
74036,74047,0.9970249163257716,0.0,0.0,0.0,0.0
132406,93502,0.9970249163257716,0.0,0.0,0.0,0.0
11039,89709,0.0,0.0,0.0,0.0,0.0
37964,78425,0.0,0.0,0.0,0.0,0.0
119130,23092,0.0,0.0,0.0,0.0,0.0
204837,47509,0.0,0.0,0.0,0.0,0.0
107278,96979,0.9970249163257716,0.0,1.0,1.0,0.0
7414,93183,0.0,0.0,0.0,0.0,0.0
4796,10179,0.9970249163257716,0.0,0.0,0.0,0.0
80933,82988,0.9970249163257716,0.0,0.0,0.0,0.0
396455,13591,0.0,0.0,0.0,0.0,0.0
14615,53606,0.9970249163257716,0.0,0.0,0.0,0.0
13766,17190,1.0,0.0,0.0,0.0,0.0
78103,130856,0.0,0.0,0.0,0.0,0.0
143258,50927,0.0,0.0,0.0,0.0,0.0
14577,63709,0.0,0.0,0.0,0.0,0.0
14577,257711,0.0,0.0,0.0,0.0,0.0
76862,44135,0.0,0.0,0.0,0.0,0.0
250848,28476,0.9970249163257716,0.0,1.0,1.0,0.0
394678,37532,0.9970249163257716,0.0,0.0,0.0,0.0
2994,331789,0.0,0.0,0.0,0.0,0.0
35376,58074,1.0,0.0,1.0,1.0,0.0
189,35999,0.0,0.0,0.0,0.0,0.0
104755,104768,0.0,0.0,0.0,0.0,0.0
232205,12265,0.0,0.0,0.0,0.0,0.0
12751,216205,0.0,0.0,0.0,0.0,0.0
207564,244803,0.0,0.0,0.0,0.0,0.0
42170,154107,0.0,0.0,0.0,0.0,0.0
10901,10941,0.0,0.0,0.0,0.0,0.0
69408,26139,0.0,0.0,0.0,0.0,0.0
265801,6648,0.9970249163257716,0.0,0.0,0.0,0.0
5193,188620,0.9970249163257716,0.0,0.0,0.0,0.0
36875,28214,0.9970249163257716,0.0,0.0,0.0,0.0
72145,39851,0.0,0.0,0.0,0.0,0.0
9806,29016,0.0,0.0,0.0,0.0,0.0
33122,89878,0.0,0.0,0.0,0.0,0.0
53508,64906,0.9970249163257716,0.0,0.0,0.0,0.0
5011,283935,0.0,0.0,0.0,0.0,0.0
18431,56209,0.0,0.0,0.0,0.0,0.0
138766,80920,0.0,0.0,0.0,0.0,0.0
263490,26677,0.9970249163257716,0.0,1.0,1.0,0.0
4994,93258,0.0,0.0,0.0,0.0,0.0
69746,40261,0.0,0.0,0.0,0.0,0.0
5041,196132,0.0,0.0,0.0,0.0,0.0
394678,50901,0.9970249163257716,0.0,0.0,0.0,0.0
11946,176255,0.0,0.0,0.0,0.0,0.0
122468,324349,0.9970249163257716,0.0,1.0,1.0,0.0
349,275005,0.0,0.0,0.0,0.0,0.0
87892,62530,0.9970249163257716,0.0,1.0,1.0,0.0
2010,8327,0.0,0.0,0.0,0.0,0.0
16527,64993,1.0,0.0,0.0,0.0,0.0
8835,118150,0.9970249163257716,0.0,0.0,0.0,0.0
49652,152380,0.0,0.0,0.0,0.0,0.0
10219,12922,0.0,0.0,0.0,0.0,0.0
17175,51334,0.0,0.0,0.0,0.0,0.0
59178,28476,0.0,0.0,0.0,0.0,0.0
66632,11135,0.0,0.0,0.0,0.0,0.0
22680,126459,0.9970249163257716,0.0,0.9998140572703608,0.9998140572703608,0.0
8903,353388,0.0,0.0,0.0,0.0,0.0
50276,65097,0.0,0.0,0.0,0.0,0.0
13813,26158,1.0,0.0,1.0,1.0,1.0
26139,27145,0.0,0.0,0.0,0.0,0.0
21046,119701,0.0,0.0,0.0,0.0,0.0
118093,26158,0.0,0.0,0.0,0.0,0.0
349,50163,0.0,0.0,0.0,0.0,0.0
6753,10392,0.0,0.0,0.0,0.0,0.0
9567,18565,0.0,0.0,0.0,0.0,0.0
266205,13813,0.0,0.0,0.0,0.0,0.0
102307,117909,0.0,0.0,0.0,0.0,0.0
20261,28986,0.9970249163257716,0.0,0.0,0.0,0.0
5193,73067,0.0,0.0,0.0,0.0,0.0
394335,4730,0.0,0.0,0.0,0.0,0.0
195541,64911,0.0,0.0,0.0,0.0,0.0
35144,49716,0.0,0.0,0.0,0.0,0.0
4720,84219,0.9970249163257716,0.0,0.0,0.0,0.0
556,8398,0.0,0.0,0.0,0.0,0.0
370,364727,0.9970249163257716,0.0,0.0,0.0,0.0
15451,58672,0.0,0.0,0.0,0.0,0.0
23159,32324,0.0,0.0,0.0,0.0,0.0
335739,28476,0.0,0.0,0.0,0.0,0.0
511,46860,0.0,0.0,0.0,0.0,0.0
207306,278709,0.9970249163257716,0.0,0.0,0.0,0.0
14588,62358,0.9970249163257716,0.0,0.0,0.0,0.0
98669,162209,0.0,0.0,0.0,0.0,0.0
8988,50288,0.0,0.0,0.0,0.0,0.0
5226,176522,0.0,0.0,0.0,0.0,0.0
9552,11946,0.0,0.0,0.0,0.0,0.0
93333,160058,0.0,0.0,0.0,0.0,0.0
42,139371,0.0,0.0,0.0,0.0,0.0
16358,63793,1.0,0.0,1.0,1.0,0.0
116701,27864,0.9970249163257716,0.0,1.0,1.0,0.0
50219,92153,1.0,0.0,0.0,0.0,0.0
6648,6695,0.9970249163257716,0.0,0.9998140572703608,0.9998140572703608,0.0
7151,7194,0.9970249163257716,0.0,0.0,0.0,0.0
47631,80437,0.9970249163257716,0.0,0.0,0.0,0.0
74178,26079,0.0,0.0,0.0,0.0,0.0
10639,18431,0.0,0.0,0.0,0.0,0.0
20718,28706,0.0,0.0,0.0,0.0,0.0
93066,93330,0.9970249163257716,0.0,0.0,0.0,0.0
316583,354466,1.0,0.0,1.0,1.0,0.0
7394,28390,0.0,0.0,0.0,0.0,0.0
213,313898,0.0,0.0,0.0,0.0,0.0
349,97352,0.0,0.0,0.0,0.0,0.0
277074,50242,0.0,0.0,0.0,0.0,0.0
5011,282559,0.0,0.0,0.0,0.0,0.0
66382,4199,0.0,0.0,0.0,0.0,0.0
76845,13620,0.0,0.0,0.0,0.0,0.0
5226,421673,0.0,0.0,0.0,0.0,0.0
8094,93502,0.9970249163257716,0.0,0.0,0.0,0.0
42172,82825,0.0,0.0,0.0,0.0,0.0
229447,2290,0.9970249163257716,0.0,0.0,0.0,0.0
236788,48551,0.0,0.0,0.0,0.0,0.0
70120,40185,0.0,0.0,0.0,0.0,0.0
75795,13813,0.0,0.0,0.0,0.0,0.0
13813,20385,1.0,0.0,1.0,0.0,1.0
88650,221491,0.0,0.0,0.0,0.0,0.0
11253,27029,0.0,0.0,0.0,0.0,0.0
383,76290,0.0,0.0,0.0,0.0,0.0
8942,9920,0.0,0.0,0.0,0.0,0.0
87782,28913,0.0,0.0,0.0,0.0,0.0
76396,91115,0.0,0.0,0.0,0.0,0.0
71285,56075,0.9970249163257716,0.0,1.0,1.0,0.0
37820,41723,0.0,0.0,0.0,0.0,0.0
5005,114828,0.0,0.0,0.0,0.0,0.0
171,208287,0.0,0.0,0.0,0.0,0.0
98669,27029,0.0,0.0,0.0,0.0,0.0
13618,16143,0.0,0.0,0.0,0.0,0.0
55698,58474,0.0,0.0,0.0,0.0,0.0
383,132404,0.0,0.0,0.0,0.0,1.0
459,58915,0.0,0.0,0.0,0.0,0.0
29081,95881,0.9970249163257716,0.0,0.0,0.0,0.0
14577,121139,0.9970249163257716,0.0,1.0,1.0,0.0
5041,447409,0.0,0.0,0.0,0.0,0.0
202812,20997,0.0,0.0,0.0,0.0,0.0
2288,55786,0.0,0.0,0.0,0.0,0.0
302185,20751,0.0,0.0,0.0,0.0,0.0
36982,7801,0.0,0.0,0.0,0.0,0.0
1837,142114,0.0,0.0,0.0,0.0,0.0
2670,58281,0.9970249163257716,0.0,0.0,0.0,0.0
172169,18431,0.0,0.0,0.0,0.0,0.0
72466,19253,0.0,0.0,0.0,0.0,0.0
6373,433004,0.0,0.0,0.0,0.0,0.0
71277,64911,0.0,0.0,0.0,0.0,0.0
135768,31957,0.0,0.0,0.0,0.0,0.0
165693,87129,0.0,0.0,0.0,0.0,0.0
74036,444973,0.9970249163257716,0.0,0.0,0.0,0.0
6610,19253,0.0,0.0,0.0,0.0,0.0
10179,11597,0.9970249163257716,0.0,0.0,0.0,0.0
349,103148,0.0,0.0,0.0,0.0,0.0
307829,358743,0.0,0.0,0.0,0.0,0.0
5112,18038,0.0,0.0,0.0,0.0,0.0
71782,79521,0.9970249163257716,0.0,0.0,0.0,0.0
5483,10047,0.9970249163257716,0.0,1.0,1.0,0.0
41740,45819,0.9970249163257716,0.0,0.9998140572703608,0.9998140572703608,0.0
43,42887,0.0,0.0,0.0,0.0,0.0
492,8396,0.0,0.0,0.0,0.0,0.0
116766,57430,0.0,0.0,0.0,0.0,0.0
14201,118480,0.0,0.0,0.0,0.0,0.0
361348,8903,0.0,0.0,0.0,0.0,0.0
4492,11450,0.0,0.0,0.0,0.0,0.0
223324,31617,1.0,0.0,1.0,1.0,0.0
2010,97375,0.0,0.0,0.0,0.0,0.0
64911,294451,0.0,0.0,0.0,0.0,0.0
349,65187,0.0,0.0,0.0,0.0,0.0
5444,43414,0.0,0.0,0.0,0.0,0.0
113517,89201,0.0,0.0,0.0,0.0,0.0
6971,373881,0.0,0.0,0.0,0.0,0.0
80429,50265,1.0,0.0,1.0,1.0,0.0
208627,52087,0.9970249163257716,0.0,0.0,0.0,0.0
273500,115576,0.0,0.0,0.0,0.0,0.0
35080,454664,0.0,0.0,0.0,0.0,0.0
1945,18585,0.0,0.0,0.0,0.0,0.0
108742,18076,0.0,0.0,0.0,0.0,0.0
25329,194720,0.0,0.0,0.0,0.0,0.0
139890,20363,0.0,0.0,0.0,0.0,0.0
103832,413157,0.0,0.0,0.0,0.0,0.0
50060,87306,0.0,0.0,0.0,0.0,0.0
10848,176063,0.0,0.0,0.0,0.0,0.0
67382,88838,1.0,0.0,0.0,0.0,0.0
343347,120670,0.0,0.0,0.0,0.0,0.0
268582,27875,0.0,0.0,0.0,0.0,0.0
10442,13813,0.0,0.0,0.0,0.0,0.9998140572703608
6643,6645,0.9970249163257716,0.0,1.0,1.0,0.0
32972,114629,0.0,0.0,0.0,0.0,0.0
106852,141637,0.0,0.0,0.0,0.0,0.0
43701,125410,0.9970249163257716,0.0,0.0,0.0,0.0
2567,23982,0.0,0.0,0.0,0.0,0.0
7962,156570,0.0,0.0,0.0,0.0,0.0
131868,5011,0.0,0.0,0.0,0.0,0.0
5193,88678,0.0,0.0,0.0,0.0,0.0
10987,224460,0.9970249163257716,0.0,1.0,1.0,0.0
17888,57010,0.9970249163257716,0.0,1.0,1.0,0.0
11946,379655,0.0,0.0,0.0,0.0,0.0
118755,22774,0.0,0.0,0.0,0.0,0.0
39511,54385,0.0,0.0,0.0,0.0,0.0
262813,11792,0.0,0.0,0.0,0.0,0.0
349,7684,0.0,0.0,0.0,0.0,0.0
170101,214614,0.0,0.0,0.0,0.0,0.0
5214,10111,0.0,0.0,0.0,0.0,0.0
39354,77573,0.0,0.0,0.0,0.0,0.0
56,68149,0.0,0.0,0.0,0.0,0.0
37532,373631,0.0,0.0,0.0,0.0,0.0
132751,5516,0.0,0.0,0.0,0.0,0.0
77595,58145,0.9970249163257716,0.0,1.0,1.0,0.0
14577,64160,0.0,0.0,0.0,0.0,0.0
54882,54892,0.0,0.0,0.0,0.0,0.0
396,45229,0.0,0.0,0.0,0.0,0.0
14934,17103,0.0,0.0,0.0,0.0,0.0
69022,194956,0.0,0.0,0.0,0.0,0.0
3482,405147,0.0,0.0,0.0,0.0,0.0
485,448796,0.0,0.0,0.0,0.0,0.0
14650,53972,0.0,0.0,0.0,0.0,0.0
166173,12966,0.0,0.0,0.0,0.0,0.0
16460,189142,0.9970249163257716,0.0,0.0,0.0,0.0
383,190772,0.9970249163257716,0.0,1.0,1.0,0.0
84005,123269,0.0,0.0,0.0,0.0,0.0
86037,29081,0.0,0.0,0.0,0.0,0.0
278535,64911,0.0,0.0,0.0,0.0,0.0
6951,6952,0.0,0.0,0.0,0.0,0.0
71681,18431,0.0,0.0,0.0,0.0,0.0
418109,25089,0.0,0.0,0.0,0.0,0.0
22977,27037,0.0,0.0,0.0,0.0,0.0
461,100433,0.9970249163257716,0.0,0.0,0.0,0.0
1426,68919,0.0,0.0,0.0,0.0,0.0
35229,51312,0.0,0.0,0.0,0.0,0.0
2156,9940,0.0,0.0,0.0,0.0,0.0
14725,16139,0.9970249163257716,0.0,0.0,0.0,0.0
111780,117434,0.0,0.0,0.0,0.0,0.0
5226,191407,0.0,0.0,0.0,0.0,0.0
329802,21749,0.0,0.0,0.0,0.0,0.0
11267,147501,0.0,0.0,0.0,0.0,0.0
202812,77498,0.0,0.0,0.0,0.0,0.0
356,148706,0.0,0.0,0.0,0.0,0.0
79021,14577,0.0,0.0,0.0,0.0,0.0
27983,64911,1.0,0.0,0.0,0.0,0.0
183518,195031,0.9970249163257716,0.0,0.0,0.0,0.0
3360,50047,0.0,0.0,0.0,0.0,0.0
87436,64911,0.0,0.0,0.0,0.0,0.0
108909,126195,0.9970249163257716,0.0,1.0,1.0,0.0
98990,26153,0.9970249163257716,0.0,1.0,1.0,0.0
1945,227437,0.0,0.0,0.0,0.0,0.0
80251,26352,0.0,0.0,0.0,0.0,0.0
580,58281,0.9970249163257716,0.0,0.0,0.0,0.0
3547,20718,0.0,0.0,0.0,0.0,0.0
12860,12945,0.9970249163257716,0.0,0.9998140572703608,0.9998140572703608,0.0
19343,85333,0.0,0.0,0.0,0.0,0.0
16127,49446,0.0,0.0,0.0,0.0,0.0
204837,106658,0.0,0.0,0.0,0.0,0.0
5041,433454,0.0,0.0,0.0,0.0,0.0
213,410367,0.0,0.0,0.0,0.0,0.0
13813,92695,0.0,0.0,0.0,0.0,0.0
43597,20159,0.0,0.0,0.0,0.0,0.0
5193,60347,0.0,0.0,0.0,0.0,0.0
35729,78701,1.0,0.0,1.0,0.0,0.0
4375,380608,0.0,0.0,0.0,0.0,0.0
9964,78540,0.0,0.0,0.0,0.0,0.0
349,23610,0.0,0.0,0.0,0.0,0.0
12965,64911,1.0,0.0,0.0,0.0,1.0
4893,76097,0.0,0.0,0.0,0.0,0.0
240829,13813,0.0,0.0,0.0,0.0,0.0
310875,50361,0.0,0.0,0.0,0.0,0.0
37532,129244,0.9970249163257716,0.0,0.0,0.0,0.0
2765,53587,0.0,0.0,0.0,0.0,0.0
42689,174387,0.0,0.0,0.0,0.0,0.0
7274,17141,0.0,0.0,0.0,0.0,0.0
1805,10438,0.0,0.0,0.0,0.0,0.0
4994,27875,0.0,0.0,0.0,0.0,0.0
49220,52087,0.9970249163257716,0.0,0.0,0.0,0.0
70236,93147,0.0,0.0,0.0,0.0,0.0
8296,177392,0.0,0.0,0.0,0.0,0.0
52200,62886,0.0,0.0,0.0,0.0,0.0
7171,22406,0.9970249163257716,0.0,0.0,0.0,0.0
101271,5907,0.0,0.0,0.0,0.0,0.0
247265,98203,0.0,0.0,0.0,0.0,0.0
77,23159,0.0,0.0,0.0,0.0,0.0
15893,26629,0.0,0.0,0.0,0.0,0.0
37523,24033,0.0,0.0,0.0,0.0,0.0
98861,11921,0.0,0.0,0.0,0.0,0.0
10924,15868,0.0,0.0,0.0,0.0,0.0
76003,251638,0.0,0.0,0.0,0.0,0.0
66279,35376,0.9970249163257716,0.0,0.0,0.0,0.0
77556,26352,0.0,0.0,0.0,0.0,0.0
71009,7569,0.9970249163257716,0.0,0.0,0.0,0.0
8404,51472,0.0,0.0,0.0,0.0,0.0
48977,20718,0.0,0.0,0.0,0.0,0.0
12505,64911,1.0,0.0,1.0,1.0,1.0
52087,187330,0.0,0.0,0.0,0.0,0.0
67923,375581,0.0,0.0,0.0,0.0,0.0
3209,104444,0.0,0.0,0.0,0.0,0.0
35352,35738,0.0,0.0,0.0,0.0,0.0
35376,176522,0.0,0.0,0.0,0.0,0.0
297208,104646,0.0,0.0,0.0,0.0,0.0
8391,13139,0.9970249163257716,0.0,0.0,0.0,0.0
5373,80507,0.0,0.0,0.0,0.0,0.0
14577,150085,0.0,0.0,0.0,0.0,0.0
35376,69891,1.0,0.0,1.0,1.0,1.0
288942,30231,0.0,0.0,0.0,0.0,0.0
5226,161860,0.0,0.0,0.0,0.0,0.0
3547,180353,0.0,0.0,0.0,0.0,0.0
121505,59231,0.0,0.0,0.0,0.0,0.0
99843,99851,0.9970249163257716,0.0,1.0,1.0,0.0
12751,82763,0.0,0.0,0.0,0.0,0.0
5226,109532,0.9970249163257716,0.0,0.0,0.0,0.0
146474,56453,0.0,0.0,0.0,0.0,0.0
640,5280,0.0,0.0,0.0,0.0,0.0
89,4599,1.0,0.0,1.0,1.0,0.0
102227,20920,0.0,0.0,0.0,0.0,0.0
38593,89454,0.0,0.0,0.0,0.0,0.0
88650,192349,0.0,0.0,0.0,0.0,0.0
79601,23569,0.0,0.0,0.0,0.0,0.0
76379,24974,0.0,0.0,0.0,0.0,0.0
99817,1880,0.0,0.0,0.0,0.0,0.0
147804,23358,0.0,0.0,0.0,0.0,0.0
215324,23430,0.0,0.0,0.0,0.0,0.0
70482,5112,0.0,0.0,0.0,0.0,0.0
68099,74417,0.0,0.0,0.0,0.0,0.0
184519,88650,0.0,0.0,0.0,0.0,0.0
12904,32125,0.9970249163257716,0.0,0.0,0.0,0.0
99840,84163,0.0,0.0,0.0,0.0,0.0
150916,31337,0.0,0.0,0.0,0.0,0.0
102482,8903,0.0,0.0,0.0,0.0,0.0
36371,387245,0.0,0.0,0.0,0.0,0.0
13813,258902,0.0,0.0,0.0,0.0,0.9998140572703608
146070,20920,0.9970249163257716,0.0,0.0,0.0,0.0
16527,90325,1.0,0.0,1.0,0.0,0.0
6753,145133,0.0,0.0,0.0,0.0,0.0
3443,12342,0.9970249163257716,0.0,0.0,0.0,0.0
274,204063,0.0,0.0,0.0,0.0,0.0
99369,297463,0.0,0.0,0.0,0.0,0.0
13609,14725,0.0,0.0,0.0,0.0,0.0
45229,120451,0.9970249163257716,0.0,1.0,1.0,0.0
341871,64911,1.0,0.0,0.0,0.0,0.0
2288,335952,0.0,0.0,0.0,0.0,0.0
198177,5038,0.0,0.0,0.0,0.0,0.0
133864,11921,0.0,0.0,0.0,0.0,0.0
12751,86520,0.9970249163257716,0.0,0.0,0.0,0.0
39183,62530,0.9970249163257716,0.0,1.0,1.0,0.0
69224,20751,0.0,0.0,0.0,0.0,0.0
4526,121118,0.0,0.0,0.0,0.0,0.0
5011,326051,0.0,0.0,0.0,0.0,0.0
189146,26139,0.0,0.0,0.0,0.0,0.0
77579,14577,0.9970249163257716,0.0,0.0,0.0,1.0
10423,50408,0.0,0.0,0.0,0.0,0.0
14600,158955,0.0,0.0,0.0,0.0,0.0
5226,40185,0.0,0.0,0.0,0.0,1.0
50483,87892,0.0,0.0,0.0,0.0,0.0
329802,46263,0.0,0.0,0.0,0.0,0.0
9021,50270,0.0,0.0,0.0,0.0,0.0
65919,67507,0.0,0.0,0.0,0.0,0.0
302797,42172,1.0,0.0,1.0,0.0,0.0
492,9669,0.0,0.0,0.0,0.0,0.0
42172,281077,0.0,0.0,0.0,0.0,0.0
152956,62455,0.0,0.0,0.0,0.0,0.0
198395,202206,0.0,0.0,0.0,0.0,0.0
8713,8751,0.0,0.0,0.0,0.0,0.0
66382,5005,0.0,0.0,0.0,0.0,0.0
322,380375,0.9970249163257716,0.0,0.0,0.0,0.0
349,93688,0.9970249163257716,0.0,0.0,0.0,0.0
13813,114262,0.0,0.0,0.0,0.0,0.0
4558,10179,0.9970249163257716,0.0,1.0,1.0,0.0
166608,52164,0.0,0.0,0.0,0.0,0.0
6418,48880,0.0,0.0,0.0,0.0,0.0
8968,9021,0.9970249163257716,0.0,0.0,0.0,0.0
32972,13813,1.0,0.0,1.0,1.0,1.0
10752,126459,1.0,0.0,1.0,1.0,0.0
58574,62968,0.9970249163257716,0.0,0.0,0.0,0.0
5226,47801,0.0,0.0,0.0,0.0,0.0
71953,8965,0.0,0.0,0.0,0.0,0.0
511,51181,0.0,0.0,0.0,0.0,0.0
12594,13811,0.0,0.0,0.0,0.0,0.0
100214,91219,0.0,0.0,0.0,0.0,0.0
35376,39153,0.0,0.0,0.0,0.0,0.0
46803,112683,0.0,0.0,0.0,0.0,0.0
4479,4921,0.0,0.0,0.0,0.0,0.0
13813,154193,0.0,0.0,0.0,0.0,0.0
35376,80044,0.0,0.0,0.0,0.0,0.0
87501,55310,0.9970249163257716,0.0,1.0,1.0,0.0
238570,42180,0.9970249163257716,0.0,0.0,0.0,0.0
492,48438,0.0,0.0,0.0,0.0,0.0
360,383,0.0,0.0,0.0,0.0,0.0
7274,217523,0.0,0.0,0.0,0.0,0.0
383,4377,0.0,0.0,0.0,0.0,0.0
7274,106226,0.0,0.0,0.0,0.0,0.0
2156,39581,0.0,0.0,0.0,0.0,0.0
65888,7274,0.0,0.0,0.0,0.0,0.0
37428,39420,0.0,0.0,0.0,0.0,0.0
42172,15489,0.0,0.0,0.0,0.0,0.0
9940,11946,0.0,0.0,0.0,0.0,0.0
70399,62110,0.0,0.0,0.0,0.0,0.0
8767,120040,0.0,0.0,0.0,0.0,0.0
33476,31858,0.0,0.0,0.0,0.0,0.0
6720,21362,0.0,0.0,0.0,0.0,0.0
66611,123188,0.9970249163257716,0.0,1.0,1.0,0.0
5226,188384,0.9970249163257716,0.0,0.0,0.0,0.0
156356,325602,0.0,0.0,0.0,0.0,0.0
300860,30075,0.0,0.0,0.0,0.0,0.0
93314,93323,0.0,0.0,0.0,0.0,0.0
50311,96022,0.0,0.0,0.0,0.0,0.0
297704,62514,0.9970249163257716,0.0,1.0,1.0,0.0
143935,375581,0.0,0.0,0.0,0.0,0.0
195232,228011,0.0,0.0,0.0,0.0,0.0
144131,163565,0.0,0.0,0.0,0.0,0.0
75470,12937,0.0,0.0,0.0,0.0,0.0
16452,150118,0.0,0.0,0.0,0.0,0.0
13889,94753,0.9970249163257716,0.0,1.0,1.0,0.0
73077,11700,0.9970249163257716,0.0,1.0,1.0,0.0
41353,285049,0.0,0.0,0.0,0.0,0.0
11337,88144,0.0,0.0,0.0,0.0,0.0
297624,13813,0.0,0.0,0.0,0.0,0.9998140572703608
334737,16358,0.0,0.0,0.0,0.0,0.0
15210,26158,0.9970249163257716,0.0,0.0,0.0,0.0
643,10987,0.0,0.0,0.0,0.0,0.0
104265,85736,0.0,0.0,0.0,0.0,0.0
69556,12818,0.9970249163257716,0.0,1.0,1.0,0.0
6679,250723,0.9970249163257716,0.0,1.0,1.0,0.0
4741,52087,1.0,0.0,1.0,1.0,0.0
511,12751,1.0,0.0,1.0,1.0,1.0
68505,68523,0.0,0.0,0.0,0.0,0.0
11921,223800,0.0,0.0,0.0,0.0,0.0
433454,9191,0.0,0.0,0.0,0.0,0.0
5011,42845,0.9970249163257716,0.0,1.0,1.0,0.0
9021,251199,0.0,0.0,0.0,0.0,0.0
20253,22797,1.0,0.0,1.0,1.0,0.0
134,4613,0.0,0.0,0.0,0.0,0.0
34629,450638,0.0,0.0,0.0,0.0,0.0
155187,28469,0.0,0.0,0.0,0.0,0.0
492,8398,0.0,0.0,0.0,0.0,0.0
4720,12937,1.0,0.0,1.0,1.0,0.0
35738,69883,0.0,0.0,0.0,0.0,0.0
8391,27311,0.9970249163257716,0.0,0.0,0.0,0.0
18431,64368,0.0,0.0,0.0,0.0,0.0
349,176906,0.0,0.0,0.0,0.0,0.0
867,25907,0.0,0.0,0.0,0.0,0.0
65792,22990,0.0,0.0,0.0,0.0,0.0
11916,27452,0.0,0.0,0.0,0.0,0.0
8835,65159,0.0,0.0,0.0,0.0,0.0
204348,54262,0.9970249163257716,0.0,1.0,1.0,0.0
104057,59915,0.9970249163257716,0.0,1.0,1.0,0.0
337861,44058,0.0,0.0,0.0,0.0,0.0
349,40886,0.0,0.0,0.0,0.0,1.0
243862,160380,0.0,0.0,0.0,0.0,0.0
153015,59636,0.0,0.0,0.0,0.0,0.0
33787,420248,0.0,0.0,0.0,0.0,0.0
34797,166608,0.0,0.0,0.0,0.0,0.0
349,31624,0.0,0.0,0.0,0.0,0.0
69746,40313,0.0,0.0,0.0,0.0,0.0
492,11176,0.0,0.0,0.0,0.0,0.0
110170,20385,1.0,0.0,1.0,0.0,0.0
51181,19800,1.0,0.0,0.0,0.0,0.0
10091,12860,0.9970249163257716,0.0,0.0,0.0,0.0
50137,89802,0.0,0.0,0.0,0.0,0.0
176623,176625,0.0,0.0,0.0,0.0,0.0
6023,83868,0.0,0.0,0.0,0.0,0.0
116893,129953,0.0,0.0,0.0,0.0,0.0
3547,13778,0.9970249163257716,0.0,0.9998140572703608,0.9998140572703608,0.0
35738,5226,0.0,0.0,0.0,0.0,1.0
71277,15210,0.0,0.0,0.0,0.0,0.0
1104,282035,0.0,0.0,0.0,0.0,0.0
1564,20876,0.0,0.0,0.0,0.0,0.0
22782,159268,0.0,0.0,0.0,0.0,0.0
13813,157650,0.0,0.0,0.0,0.0,0.0
1343,5185,0.0,0.0,0.0,0.0,0.0
144729,18388,0.0,0.0,0.0,0.0,0.0
8073,84112,1.0,0.0,1.0,1.0,0.0
35729,12751,1.0,0.0,1.0,1.0,1.0
79878,261976,0.9970249163257716,0.0,1.0,1.0,0.0
37009,106596,0.9970249163257716,0.0,0.9998140572703608,0.9998140572703608,0.0
8942,113517,0.0,0.0,0.0,0.0,0.0
12767,217168,0.0,0.0,0.0,0.0,0.0
9964,50935,0.9970249163257716,0.0,0.0,0.0,0.0
78961,28476,0.0,0.0,0.0,0.0,0.0
68869,28060,0.0,0.0,0.0,0.0,0.0
213,64868,0.0,0.0,0.0,0.0,0.0
36841,6017,0.0,0.0,0.0,0.0,0.0
14575,31088,0.0,0.0,0.0,0.0,0.0
14577,245162,0.0,0.0,0.0,0.0,0.0
94,15214,0.0,0.0,0.0,0.0,0.0
9021,25091,0.9970249163257716,0.0,0.0,0.0,0.0
40773,16460,0.0,0.0,0.0,0.0,0.0
2670,115584,0.0,0.0,0.0,0.0,0.0
12818,81225,0.0,0.0,0.0,0.0,0.0
39093,21961,0.0,0.0,0.0,0.0,0.0
901,1776,0.0,0.0,0.0,0.0,0.0
109398,13638,0.0,0.0,0.0,0.0,0.0
36841,269090,0.9970249163257716,0.0,1.0,1.0,0.0
50901,186797,0.0,0.0,0.0,0.0,0.0
16188,116701,0.0,0.0,0.0,0.0,0.0
2138,72466,0.0,0.0,0.0,0.0,0.0
13379,54432,0.0,0.0,0.0,0.0,0.0
35375,37502,0.9970249163257716,0.0,0.0,0.0,0.0
43347,126458,0.0,0.0,0.0,0.0,0.0
10100,10843,0.9970249163257716,0.0,1.0,1.0,0.0
35376,252801,1.0,0.0,0.0,0.0,0.0
68133,6703,0.0,0.0,0.0,0.0,0.0
199543,27034,0.0,0.0,0.0,0.0,0.0
16457,89573,0.0,0.0,0.0,0.0,0.0
102406,19150,0.0,0.0,0.0,0.0,0.0
46262,13813,0.9970249163257716,0.0,0.0,0.0,1.0
41725,87286,0.9970249163257716,0.0,0.0,0.0,0.0
2138,7067,0.9970249163257716,0.0,1.0,1.0,0.0
7646,180024,0.0,0.0,0.0,0.0,0.0
13813,192624,0.0,0.0,0.0,0.0,0.9998140572703608
35352,31450,0.0,0.0,0.0,0.0,0.0
3482,279133,0.0,0.0,0.0,0.0,0.0
16452,57298,0.0,0.0,0.0,0.0,0.0
38362,14454,0.0,0.0,0.0,0.0,0.0
22990,89732,0.0,0.0,0.0,0.0,0.0
39889,51181,0.0,0.0,0.0,0.0,0.0
241533,47794,0.0,0.0,0.0,0.0,0.0
2290,86501,0.9970249163257716,0.0,0.9998140572703608,0.9998140572703608,0.0
383,115597,0.0,0.0,0.0,0.0,0.0
12899,32064,0.0,0.0,0.0,0.0,0.0
99741,31564,0.0,0.0,0.0,0.0,0.0
34938,37532,0.0,0.0,0.0,0.0,0.0
211989,121428,0.0,0.0,0.0,0.0,0.0
110370,215461,0.0,0.0,0.0,0.0,0.0
35376,13813,1.0,0.0,1.0,1.0,1.0
1896,92384,0.0,0.0,0.0,0.0,0.0
291,392143,0.0,0.0,0.0,0.0,0.0
2416,119333,0.0,0.0,0.0,0.0,0.0
5226,270079,0.0,0.0,0.0,0.0,0.0
103181,9021,1.0,0.0,1.0,1.0,0.0
43867,46535,0.9970249163257716,0.0,0.0,0.0,0.0
54244,252088,0.0,0.0,0.0,0.0,0.0
66382,18701,0.0,0.0,0.0,0.0,0.0
11792,22849,0.0,0.0,0.0,0.0,0.0
5226,425497,0.0,0.0,0.0,0.0,0.0
101480,57161,0.0,0.0,0.0,0.0,0.0
43414,15606,0.0,0.0,0.0,0.0,0.0
264866,154805,0.0,0.0,0.0,0.0,0.0
6929,374758,0.0,0.0,0.0,0.0,0.0
22781,22832,0.9970249163257716,0.0,1.0,1.0,0.0
139450,14454,0.0,0.0,0.0,0.0,0.0
73709,53930,0.0,0.0,0.0,0.0,0.0
87706,87707,0.9970249163257716,0.0,1.0,1.0,0.0
197096,4542,0.0,0.0,0.0,0.0,0.0
104712,6929,0.0,0.0,0.0,0.0,0.0
53930,95160,0.9970249163257716,0.0,0.0,0.0,0.0
12005,26135,0.0,0.0,0.0,0.0,0.0
2010,161775,0.0,0.0,0.0,0.0,0.0
168870,6644,0.0,0.0,0.0,0.0,0.0
67382,47998,0.0,0.0,0.0,0.0,0.0
3356,13705,0.0,0.0,0.0,0.0,0.0
131500,19343,0.0,0.0,0.0,0.0,0.0
4733,120451,1.0,0.0,1.0,1.0,0.0
4380,7340,0.0,0.0,0.0,0.0,0.0
14615,123517,0.0,0.0,0.0,0.0,0.0
383,275005,0.0,0.0,0.0,0.0,0.0
135320,12751,0.0,0.0,0.0,0.0,0.0
132965,130899,0.0,0.0,0.0,0.0,0.0
11077,15893,0.9970249163257716,0.0,0.0,0.0,0.0
42172,155541,0.0,0.0,0.0,0.0,0.0
3581,3629,0.0,0.0,0.0,0.0,0.0
73496,74491,0.0,0.0,0.0,0.0,0.0
14454,425721,0.0,0.0,0.0,0.0,0.0
19192,158970,0.0,0.0,0.0,0.0,0.0
162293,97700,0.9970249163257716,0.0,0.9998140572703608,0.9998140572703608,0.0
428726,103832,0.0,0.0,0.0,0.0,0.0
70550,226713,0.0,0.0,0.0,0.0,0.0
891,133616,0.0,0.0,0.0,0.0,0.0
177829,14577,0.0,0.0,0.0,0.0,0.0
13813,291500,0.0,0.0,0.0,0.0,0.0
46448,26527,0.9970249163257716,0.0,1.0,1.0,0.0
43719,27029,0.0,0.0,0.0,0.0,0.0
35375,35376,1.0,0.0,1.0,1.0,1.0
11946,161560,0.0,0.0,0.0,0.0,0.0
16527,95431,0.0,0.0,0.0,0.0,0.0
80868,290324,1.0,0.0,1.0,1.0,0.0
11714,47055,0.0,0.0,0.0,0.0,0.0
5907,9126,0.0,0.0,0.0,0.0,0.0
7067,82877,0.0,0.0,0.0,0.0,0.0
2670,403293,0.0,0.0,0.0,0.0,0.0
8835,20965,0.0,0.0,0.0,0.0,0.0
12767,288159,0.0,0.0,0.0,0.0,0.0
69127,37502,0.0,0.0,0.0,0.0,0.0
229,406120,0.0,0.0,0.0,0.0,0.0
12493,16801,0.9970249163257716,0.0,1.0,1.0,0.0
171153,254089,0.0,0.0,0.0,0.0,0.0
38815,63800,0.0,0.0,0.0,0.0,0.0
5186,260079,0.0,0.0,0.0,0.0,0.0
41854,438699,0.0,0.0,0.0,0.0,0.0
358552,64906,0.0,0.0,0.0,0.0,0.0
35376,65159,0.0,0.0,0.0,0.0,0.0
4214,23761,0.0,0.0,0.0,0.0,0.0
33442,7512,0.0,0.0,0.0,0.0,0.0
18040,26942,0.0,0.0,0.0,0.0,0.0
40886,85807,0.0,0.0,0.0,0.0,0.0
5226,285129,0.0,0.0,0.0,0.0,0.0
309336,61908,1.0,0.0,1.0,1.0,0.0
46754,124930,1.0,0.0,1.0,1.0,0.0
59784,93703,0.0,0.0,0.0,0.0,0.0
42172,13813,1.0,0.0,1.0,1.0,1.0
202812,128120,0.0,0.0,0.0,0.0,0.0
7274,61793,0.0,0.0,0.0,0.0,0.0
89784,224711,0.9970249163257716,0.0,0.0,0.0,0.0
383,180946,0.0,0.0,0.0,0.0,0.0
5011,10253,0.0,0.0,0.0,0.0,0.0
75689,12281,0.0,0.0,0.0,0.0,0.0
36063,69883,0.0,0.0,0.0,0.0,0.0
6658,335952,0.0,0.0,0.0,0.0,0.0
13813,63360,0.0,0.0,0.0,0.0,1.0
277293,16452,0.0,0.0,0.0,0.0,0.0
71009,58574,0.9970249163257716,0.0,0.0,0.0,0.0
5226,11953,0.9970249163257716,0.0,1.0,1.0,1.0
8381,54496,0.0,0.0,0.0,0.0,0.0
118210,20227,0.0,0.0,0.0,0.0,0.0
8719,8742,0.0,0.0,0.0,0.0,0.0
10726,378467,0.0,0.0,0.0,0.0,0.0
8385,162857,0.0,0.0,0.0,0.0,0.0
67637,83578,0.0,0.0,0.0,0.0,0.0
133418,180024,0.0,0.0,0.0,0.0,0.0
41179,9964,0.0,0.0,0.0,0.0,0.0
349,32143,0.0,0.0,0.0,0.0,0.0
107231,11339,0.9970249163257716,0.0,0.0,0.0,0.0
4477,90752,0.0,0.0,0.0,0.0,0.0
3547,73709,0.0,0.0,0.0,0.0,0.0
152360,188043,0.9970249163257716,0.0,1.0,1.0,0.0
9021,86983,0.0,0.0,0.0,0.0,0.0
107278,62408,0.9970249163257716,0.0,1.0,1.0,0.0
248,101411,0.0,0.0,0.0,0.0,0.0
50619,27800,0.0,0.0,0.0,0.0,0.0
12751,18431,1.0,0.0,1.0,1.0,1.0
133235,8324,0.9970249163257716,0.0,1.0,1.0,0.0
5011,41808,0.0,0.0,0.0,0.0,0.0
78339,153763,0.0,0.0,0.0,0.0,0.0
8942,10093,0.0,0.0,0.0,0.0,0.0
13813,47108,0.0,0.0,0.0,0.0,0.0
69395,70832,0.0,0.0,0.0,0.0,0.0
3021,9325,0.0,0.0,0.0,0.0,0.0
76290,27029,0.0,0.0,0.0,0.0,0.0
3629,78742,0.9970249163257716,0.0,1.0,1.0,0.0
6658,6677,0.0,0.0,0.0,0.0,0.0
208627,64911,0.9970249163257716,0.0,0.0,0.0,0.0
12505,20359,0.0,0.0,0.0,0.0,0.0
33764,64541,0.0,0.0,0.0,0.0,0.0
37532,56428,0.0,0.0,0.0,0.0,0.0
50901,90492,0.0,0.0,0.0,0.0,0.0
100162,13603,1.0,0.0,0.0,0.0,0.0
3533,195391,0.9970249163257716,0.0,0.0,0.0,0.0
73077,26159,0.0,0.0,0.0,0.0,0.0
168933,140613,0.0,0.0,0.0,0.0,0.0
103370,14615,0.0,0.0,0.0,0.0,0.0
14549,126428,0.0,0.0,0.0,0.0,0.0
2156,78860,0.0,0.0,0.0,0.0,0.0
41854,27983,0.9970249163257716,0.0,0.0,0.0,0.0
85307,184166,0.0,0.0,0.0,0.0,0.0
4084,7845,0.9970249163257716,0.0,1.0,1.0,0.0
344976,18536,0.0,0.0,0.0,0.0,0.0
12945,29016,0.0,0.0,0.0,0.0,0.0
43701,77190,1.0,0.0,1.0,0.0,0.0
15493,15527,0.9970249163257716,0.0,0.0,0.0,0.0
2994,75798,0.0,0.0,0.0,0.0,0.0
69914,5193,0.0,0.0,0.0,0.0,0.0
82945,50311,0.9970249163257716,0.0,0.9998140572703608,0.9998140572703608,0.0
349,124709,0.0,0.0,0.0,0.0,0.0
210922,28063,0.0,0.0,0.0,0.0,0.0
88801,23358,0.0,0.0,0.0,0.0,0.0
33383,438208,0.0,0.0,0.0,0.0,0.0
100127,67382,0.0,0.0,0.0,0.0,0.0
316,76340,0.9970249163257716,0.0,0.0,0.0,0.0
39492,108393,0.9970249163257716,0.0,1.0,1.0,0.0
16452,316667,0.0,0.0,0.0,0.0,0.0
56968,60635,0.0,0.0,0.0,0.0,0.0
216,17155,0.0,0.0,0.0,0.0,0.0
201995,47517,1.0,0.0,1.0,1.0,0.0
12965,62514,0.0,0.0,0.0,0.0,0.0
47783,191812,0.9970249163257716,0.0,0.0,0.0,0.0
5193,75798,0.0,0.0,0.0,0.0,0.0
51288,130736,0.0,0.0,0.0,0.0,0.0
68307,73034,0.0,0.0,0.0,0.0,0.0
213163,27037,0.0,0.0,0.0,0.0,0.0
6982,56320,0.9970249163257716,0.0,1.0,1.0,0.0
2288,93299,0.0,0.0,0.0,0.0,0.0
58571,58574,0.0,0.0,0.0,0.0,0.0
76835,13618,0.0,0.0,0.0,0.0,0.0
3836,52507,0.9970249163257716,0.0,1.0,1.0,0.0
103181,80429,1.0,0.0,1.0,0.0,0.0
13813,30350,0.0,0.0,0.0,0.0,0.9998140572703608
13082,179618,0.0,0.0,0.0,0.0,0.0
5011,304700,0.0,0.0,0.0,0.0,0.0
16452,282471,0.0,0.0,0.0,0.0,0.0
13813,320198,0.0,0.0,0.0,0.0,0.0
511,133748,0.0,0.0,0.0,0.0,0.0
270079,11792,0.0,0.0,0.0,0.0,0.0
6373,73227,0.0,0.0,0.0,0.0,0.0
383,146356,0.0,0.0,0.0,0.0,0.0
111031,56968,0.0,0.0,0.0,0.0,0.0
5226,226475,0.0,0.0,0.0,0.0,0.0
9016,19955,0.9970249163257716,0.0,0.0,0.0,0.0
2670,57826,0.0,0.0,0.0,0.0,0.0
3547,13813,1.0,0.0,1.0,1.0,1.0
38264,62333,0.0,0.0,0.0,0.0,0.0
13813,61309,0.0,0.0,0.0,0.0,0.0
349,6236,0.0,0.0,0.0,0.0,0.0
74079,15657,0.0,0.0,0.0,0.0,0.0
11854,54095,0.0,0.0,0.0,0.0,0.0
11991,47477,0.0,0.0,0.0,0.0,0.0
39949,13813,0.0,0.0,0.0,0.0,0.0
36271,18536,0.9970249163257716,0.0,1.0,1.0,0.0
57430,353362,0.0,0.0,0.0,0.0,0.0
17117,82988,0.9970249163257716,0.0,0.0,0.0,0.0
19343,252899,0.0,0.0,0.0,0.0,0.0
6,430348,0.9970249163257716,0.0,0.0,0.0,0.0
383,288158,0.0,0.0,0.0,0.0,0.0
117435,226367,0.0,0.0,0.0,0.0,0.0
14376,61464,0.0,0.0,0.0,0.0,0.0
356,121279,0.0,0.0,0.0,0.0,0.0
9218,63360,0.0,0.0,0.0,0.0,0.0
123269,127967,0.0,0.0,0.0,0.0,0.0
35731,16801,1.0,0.0,1.0,0.0,0.0
43725,19204,0.0,0.0,0.0,0.0,0.0
270855,58574,0.9970249163257716,0.0,0.0,0.0,0.0
52322,30674,0.0,0.0,0.0,0.0,0.0
310048,344696,0.0,0.0,0.0,0.0,0.0
14075,20920,0.0,0.0,0.0,0.0,0.0
291,11795,0.0,0.0,0.0,0.0,0.0
94,35090,0.9970249163257716,0.0,0.0,0.0,0.0
99900,27864,0.0,0.0,0.0,0.0,0.0
33471,21718,0.0,0.0,0.0,0.0,0.0
9513,25863,0.9970249163257716,0.0,1.0,1.0,0.0
1837,35512,0.9970249163257716,0.0,1.0,1.0,0.0
19150,118150,0.9970249163257716,0.0,0.0,0.0,0.0
6148,116459,0.0,0.0,0.0,0.0,0.0
13139,19254,0.9970249163257716,0.0,0.0,0.0,0.0
2010,7423,0.0,0.0,0.0,0.0,0.0
10924,81736,0.0,0.0,0.0,0.0,0.0
12223,12505,0.9970249163257716,0.0,0.0,0.0,0.0
213875,64157,0.0,0.0,0.0,0.0,0.0
43,79992,0.0,0.0,0.0,0.0,0.0
73360,12751,0.9970249163257716,0.0,0.0,0.0,0.0
13813,65210,0.9970249163257716,0.0,0.0,0.0,0.9998140572703608
134204,6961,0.0,0.0,0.0,0.0,0.0
5011,50901,0.0,0.0,0.0,0.0,1.0
12751,20385,1.0,0.0,1.0,1.0,1.0
7400,78699,0.0,0.0,0.0,0.0,0.0
47794,98202,0.0,0.0,0.0,0.0,0.0
236069,10475,0.0,0.0,0.0,0.0,0.0
5193,257084,0.0,0.0,0.0,0.0,0.0
973,21517,1.0,0.0,0.0,0.0,0.0
48058,114002,0.0,0.0,0.0,0.0,0.0
5226,95421,0.0,0.0,0.0,0.0,0.0
14075,313941,0.0,0.0,0.0,0.0,0.0
3603,10853,0.0,0.0,0.0,0.0,0.0
269085,27029,0.0,0.0,0.0,0.0,0.0
5988,13603,0.9970249163257716,0.0,0.0,0.0,0.0
66226,10111,0.0,0.0,0.0,0.0,0.0
145501,98100,0.9970249163257716,0.0,0.0,0.0,0.0
57174,60035,0.0,0.0,0.0,0.0,0.0
2941,282891,0.0,0.0,0.0,0.0,0.0
2374,63916,0.0,0.0,0.0,0.0,0.0
38236,41664,0.0,0.0,0.0,0.0,0.0
5776,120477,0.0,0.0,0.0,0.0,0.0
15214,15219,0.0,0.0,0.0,0.0,0.0
65927,960,0.0,0.0,0.0,0.0,0.0
89,75347,0.9970249163257716,0.0,0.0,0.0,0.0
10752,22680,0.9970249163257716,0.0,1.0,1.0,0.0
5226,42172,1.0,0.0,1.0,0.0,1.0
70844,70853,0.9970249163257716,0.0,1.0,1.0,0.0
89784,26158,0.9970249163257716,0.0,0.9998140572703608,0.9998140572703608,0.0
176243,14454,0.0,0.0,0.0,0.0,0.0
4730,64964,0.9970249163257716,0.0,0.0,0.0,0.0
35307,22630,0.0,0.0,0.0,0.0,0.0
41725,287719,0.9970249163257716,0.0,0.0,0.0,0.0
16188,222840,0.0,0.0,0.0,0.0,0.0
383,227208,0.0,0.0,0.0,0.0,0.0
2740,36854,1.0,0.0,1.0,1.0,0.0
35376,14615,1.0,0.0,1.0,1.0,1.0
98598,47783,0.9970249163257716,0.0,0.0,0.0,0.0
69172,226713,0.0,0.0,0.0,0.0,0.0
13854,15821,0.0,0.0,0.0,0.0,0.0
37832,82501,0.0,0.0,0.0,0.0,0.0
66669,2941,0.9970249163257716,0.0,0.0,0.0,0.0
16623,117319,0.0,0.0,0.0,0.0,0.0
42836,86523,0.9970249163257716,0.0,0.0,0.0,0.0
16772,95693,0.0,0.0,0.0,0.0,0.0
40973,241776,0.9970249163257716,0.0,1.0,1.0,0.0
101118,13813,0.9970249163257716,0.0,0.0,0.0,0.9998140572703608
107040,83921,0.0,0.0,0.0,0.0,0.0
1837,342663,0.0,0.0,0.0,0.0,0.0
280909,63379,0.0,0.0,0.0,0.0,0.0
17621,89784,0.0,0.0,0.0,0.0,0.0
3443,46262,0.0,0.0,0.0,0.0,0.0
349,188758,0.0,0.0,0.0,0.0,0.0
66669,9964,0.0,0.0,0.0,0.0,0.0
103293,8835,0.0,0.0,0.0,0.0,0.0
33072,78342,0.0,0.0,0.0,0.0,0.0
4720,52288,0.9970249163257716,0.0,0.9998140572703608,0.9998140572703608,0.0
36854,36905,0.9970249163257716,0.0,1.0,1.0,0.0
349,162469,0.0,0.0,0.0,0.0,0.0
47499,196130,0.0,0.0,0.0,0.0,0.0
67204,11339,0.0,0.0,0.0,0.0,0.0
511,7259,0.0,0.0,0.0,0.0,0.0
14615,57105,1.0,0.0,1.0,0.0,0.0
288278,30241,0.0,0.0,0.0,0.0,0.0
15184,18853,0.0,0.0,0.0,0.0,0.0
5566,115044,0.0,0.0,0.0,0.0,0.0
9964,29493,0.0,0.0,0.0,0.0,0.0
3609,110170,0.0,0.0,0.0,0.0,0.0
3877,70788,0.0,0.0,0.0,0.0,0.0
354465,354466,1.0,0.0,1.0,1.0,0.0
152929,27029,0.0,0.0,0.0,0.0,0.0
57118,57206,0.0,0.0,0.0,0.0,0.0
34801,41892,0.0,0.0,0.0,0.0,0.0
39183,31706,0.9970249163257716,0.0,0.0,0.0,0.0
16358,31450,0.0,0.0,0.0,0.0,0.0
51806,157519,0.0,0.0,0.0,0.0,0.0
396,8219,0.0,0.0,0.0,0.0,0.0
8970,80429,0.9970249163257716,0.0,1.0,1.0,0.0
3364,81422,0.0,0.0,0.0,0.0,0.0
39889,26159,0.9970249163257716,0.0,0.0,0.0,0.0
91662,28849,0.0,0.0,0.0,0.0,0.0
5011,116701,0.0,0.0,0.0,0.0,0.0
9964,95770,0.9970249163257716,0.0,1.0,1.0,0.0
3209,75710,0.0,0.0,0.0,0.0,0.0
2765,10219,0.0,0.0,0.0,0.0,0.0
5214,43701,0.9970249163257716,0.0,0.0,0.0,0.0
973,15214,0.9970249163257716,0.0,0.0,0.0,0.0
25905,91831,0.0,0.0,0.0,0.0,0.0
2288,6707,0.0,0.0,0.0,0.0,0.0
186184,22470,0.0,0.0,0.0,0.0,0.0
4794,96892,0.0,0.0,0.0,0.0,0.0
27864,29570,0.0,0.0,0.0,0.0,0.0
36982,19862,0.0,0.0,0.0,0.0,0.0
66112,4708,0.0,0.0,0.0,0.0,0.0
85735,121429,0.0,0.0,0.0,0.0,0.0
10230,54838,0.9970249163257716,0.0,1.0,1.0,0.0
4794,58843,0.0,0.0,0.0,0.0,0.0
5193,28214,0.9970249163257716,0.0,0.0,0.0,0.0
150857,358753,0.0,0.0,0.0,0.0,0.0
33970,11587,0.9970249163257716,0.0,0.0,0.0,0.0
300107,12751,0.9970249163257716,0.0,0.0,0.0,0.0
216568,152952,0.0,0.0,0.0,0.0,0.0
40293,123942,0.0,0.0,0.0,0.0,0.0
5011,215401,0.0,0.0,0.0,0.0,0.0
7274,110170,0.9970249163257716,0.0,0.0,0.0,0.0
4368,17527,0.0,0.0,0.0,0.0,0.0
6695,95843,0.0,0.0,0.0,0.0,0.0
98433,2941,0.0,0.0,0.0,0.0,0.0
62903,260993,0.9970249163257716,0.0,1.0,1.0,0.0
138635,47631,0.9970249163257716,0.0,0.0,0.0,0.0
86,6204,0.0,0.0,0.0,0.0,0.0
69891,55965,0.0,0.0,0.0,0.0,0.0
37502,407263,0.0,0.0,0.0,0.0,0.0
9021,49740,0.0,0.0,0.0,0.0,0.0
372414,314122,0.0,0.0,0.0,0.0,0.0
40150,95510,0.0,0.0,0.0,0.0,0.0
233430,17117,0.0,0.0,0.0,0.0,0.0
2010,9941,0.0,0.0,0.0,0.0,0.0
382069,358957,0.0,0.0,0.0,0.0,0.0
14889,25250,0.0,0.0,0.0,0.0,0.0
69237,283882,0.0,0.0,0.0,0.0,0.0
68436,43864,0.0,0.0,0.0,0.0,0.0
101872,259788,0.9970249163257716,0.0,1.0,1.0,0.0
241617,52087,0.9970249163257716,0.0,0.0,0.0,0.0
118766,195533,0.0,0.0,0.0,0.0,0.0
511,42947,0.0,0.0,0.0,0.0,0.0
110170,26368,0.0,0.0,0.0,0.0,0.0
9139,9168,0.0,0.0,0.0,0.0,0.0
8136,12983,0.0,0.0,0.0,0.0,0.0
80507,95814,0.0,0.0,0.0,0.0,0.0
36358,3946,0.0,0.0,0.0,0.0,0.0
98392,22990,0.0,0.0,0.0,0.0,0.0
93502,64911,1.0,0.0,1.0,1.0,1.0
2681,438386,0.0,0.0,0.0,0.0,0.0
265301,81498,0.0,0.0,0.0,0.0,0.0
4730,174775,0.0,0.0,0.0,0.0,0.0
133434,6674,0.0,0.0,0.0,0.0,0.0
54070,185735,0.0,0.0,0.0,0.0,0.0
1880,50235,0.0,0.0,0.0,0.0,0.0
36854,36875,1.0,0.0,1.0,1.0,0.0
489,207711,0.0,0.0,0.0,0.0,0.0
5226,436073,0.0,0.0,0.0,0.0,0.0
5208,5214,0.9970249163257716,0.0,0.0,0.0,0.0
173809,11991,0.9970249163257716,0.0,0.0,0.0,0.0
94,3600,0.0,0.0,0.0,0.0,0.0
223320,223321,1.0,0.0,1.0,1.0,0.0
5907,73282,0.0,0.0,0.0,0.0,0.0
133434,39089,0.0,0.0,0.0,0.0,0.0
12281,290324,1.0,0.0,1.0,1.0,0.0
14674,95081,0.0,0.0,0.0,0.0,0.0
9964,17039,0.9970249163257716,0.0,0.0,0.0,0.0
11921,120379,0.0,0.0,0.0,0.0,0.0
5208,389474,0.9970249163257716,0.0,0.0,0.0,0.0
2567,35980,0.0,0.0,0.0,0.0,0.0
76512,94491,0.0,0.0,0.0,0.0,0.0
42172,64906,1.0,0.0,1.0,1.0,0.0
154314,26153,0.0,0.0,0.0,0.0,0.0
13813,310284,0.0,0.0,0.0,0.0,0.0
35729,64906,0.9970249163257716,0.0,0.0,0.0,0.0
41179,13813,0.0,0.0,0.0,0.0,1.0
9304,21718,0.0,0.0,0.0,0.0,0.0
46788,46825,0.0,0.0,0.0,0.0,0.0
37832,116260,0.0,0.0,0.0,0.0,0.0
4917,57367,0.0,0.0,0.0,0.0,0.0
213,67500,0.0,0.0,0.0,0.0,0.0
34802,98202,0.0,0.0,0.0,0.0,0.0
14577,52490,0.0,0.0,0.0,0.0,0.0
11921,59546,0.0,0.0,0.0,0.0,0.0
2156,62062,0.0,0.0,0.0,0.0,0.0
13609,16143,0.0,0.0,0.0,0.0,0.0
4713,116072,0.0,0.0,0.0,0.0,0.0
6948,374955,0.0,0.0,0.0,0.0,0.0
40695,21749,0.0,0.0,0.0,0.0,0.0
16502,21397,0.0,0.0,0.0,0.0,0.0
140180,16801,0.0,0.0,0.0,0.0,0.0
35352,84758,0.0,0.0,0.0,0.0,0.0
65639,11921,0.9970249163257716,0.0,0.0,0.0,0.0
74363,9192,0.0,0.0,0.0,0.0,0.0
349537,21898,0.0,0.0,0.0,0.0,0.0
79662,180889,0.0,0.0,0.0,0.0,0.0
10053,95606,0.0,0.0,0.0,0.0,0.0
349,184519,0.0,0.0,0.0,0.0,0.0
5005,5031,0.0,0.0,0.0,0.0,0.0
92,131668,0.0,0.0,0.0,0.0,0.0
26637,130746,0.9970249163257716,0.0,0.0,0.0,0.0
166257,70121,0.9970249163257716,0.0,0.0,0.0,0.0
42180,26158,0.0,0.0,0.0,0.0,0.0
2567,75304,0.0,0.0,0.0,0.0,0.0
14677,49180,0.0,0.0,0.0,0.0,0.0
492,186017,0.0,0.0,0.0,0.0,0.0
35729,81422,0.0,0.0,0.0,0.0,0.0
6948,54163,0.0,0.0,0.0,0.0,0.0
67304,52192,0.0,0.0,0.0,0.0,0.0
35150,95226,0.0,0.0,0.0,0.0,0.0
65838,74491,0.0,0.0,0.0,0.0,0.0
2594,69559,0.0,0.0,0.0,0.0,0.0
32972,69127,0.9970249163257716,0.0,0.0,0.0,0.0
429775,15538,0.0,0.0,0.0,0.0,0.0
5226,19880,1.0,0.0,1.0,1.0,1.0
82825,50930,0.0,0.0,0.0,0.0,0.0
17141,17155,0.0,0.0,0.0,0.0,0.0
60350,27673,0.0,0.0,0.0,0.0,0.0
46526,118210,0.0,0.0,0.0,0.0,0.0
16358,194902,0.0,0.0,0.0,0.0,0.0
168893,6373,0.0,0.0,0.0,0.0,0.0
3369,69034,0.0,0.0,0.0,0.0,0.0
9886,80507,0.0,0.0,0.0,0.0,0.0
33288,14588,0.0,0.0,0.0,0.0,0.0
37502,82945,0.0,0.0,0.0,0.0,0.0
5516,250413,0.9970249163257716,0.0,0.9998140572703608,0.9998140572703608,0.0
492,110774,0.9970249163257716,0.0,0.0,0.0,0.0
85424,30075,0.0,0.0,0.0,0.0,0.0
5193,81602,0.0,0.0,0.0,0.0,0.0
37532,344696,0.9970249163257716,0.0,0.0,0.0,0.0
11339,411665,0.0,0.0,0.0,0.0,0.0
264657,12751,0.0,0.0,0.0,0.0,0.0
5113,115584,0.0,0.0,0.0,0.0,0.0
10179,127755,0.9970249163257716,0.0,0.0,0.0,0.0
3817,74722,0.0,0.0,0.0,0.0,0.0
67382,43347,0.0,0.0,0.0,0.0,0.0
42,401098,0.0,0.0,0.0,0.0,0.0
222,315594,0.0,0.0,0.0,0.0,0.0
66076,30075,0.0,0.0,0.0,0.0,0.0
199254,275885,0.9970249163257716,0.0,0.0,0.0,0.0
11844,312038,0.0,0.0,0.0,0.0,0.0
132937,8767,0.0,0.0,0.0,0.0,0.0
5112,40986,0.0,0.0,0.0,0.0,0.0
492,21881,0.0,0.0,0.0,0.0,0.0
10255,11891,0.0,0.0,0.0,0.0,0.0
17527,27029,0.0,0.0,0.0,0.0,1.0
4214,239851,0.0,0.0,0.0,0.0,0.0
971,33794,0.0,0.0,0.0,0.0,0.0
20012,20015,0.0,0.0,0.0,0.0,0.0
7274,455694,0.0,0.0,0.0,0.0,0.0
310235,28476,0.0,0.0,0.0,0.0,0.0
5113,113627,0.0,0.0,0.0,0.0,0.0
210922,62542,0.0,0.0,0.0,0.0,0.0
17881,58847,0.0,0.0,0.0,0.0,0.0
213,11671,0.0,0.0,0.0,0.0,0.0
50856,29556,0.0,0.0,0.0,0.0,0.0
2280,13162,0.0,0.0,0.0,0.0,0.0
349,9725,0.9970249163257716,0.0,1.0,1.0,0.0
272716,80429,1.0,0.0,1.0,1.0,0.0
963,346098,0.0,0.0,0.0,0.0,0.0
13134,227665,0.9970249163257716,0.0,1.0,1.0,0.0
197314,275662,0.9970249163257716,0.0,1.0,1.0,0.0
383,29512,0.0,0.0,0.0,0.0,0.0
13923,160065,0.9970249163257716,0.0,1.0,1.0,0.0
385921,354465,1.0,0.0,1.0,1.0,0.0
349,236813,0.0,0.0,0.0,0.0,0.0
349,99564,0.0,0.0,0.0,0.0,0.0
106852,96241,0.0,0.0,0.0,0.0,0.0
108600,19872,0.0,0.0,0.0,0.0,0.0
101154,69883,0.0,0.0,0.0,0.0,0.0
9021,146637,0.0,0.0,0.0,0.0,0.0
34669,16457,0.0,0.0,0.0,0.0,0.0
268455,64911,0.9970249163257716,0.0,0.0,0.0,0.0
13813,19800,0.9970249163257716,0.0,0.0,0.0,1.0
53477,354083,0.0,0.0,0.0,0.0,0.0
98458,67132,0.0,0.0,0.0,0.0,0.0
4214,29610,0.9970249163257716,0.0,1.0,1.0,0.0
2941,13603,1.0,0.0,1.0,1.0,0.0
5226,13813,1.0,0.0,1.0,1.0,1.0
4613,25934,0.0,0.0,0.0,0.0,0.0
286367,64911,1.0,0.0,0.0,0.0,0.0
183897,28557,0.0,0.0,0.0,0.0,0.0
102406,56797,0.0,0.0,0.0,0.0,0.0
231560,317838,0.0,0.0,0.0,0.0,0.0
11324,12882,0.0,0.0,0.0,0.0,0.0
148883,22511,1.0,0.0,1.0,1.0,0.0
149910,96578,0.0,0.0,0.0,0.0,0.0
33485,22630,0.0,0.0,0.0,0.0,0.0
200585,72380,0.0,0.0,0.0,0.0,0.0
437,72635,0.0,0.0,0.0,0.0,0.0
291324,64911,0.9970249163257716,0.0,0.0,0.0,0.0
9896,175337,0.0,0.0,0.0,0.0,0.0
356,138795,0.9970249163257716,0.0,1.0,1.0,0.0
32972,35376,1.0,0.0,1.0,1.0,1.0
39362,41476,0.0,0.0,0.0,0.0,0.0
12937,29493,0.0,0.0,0.0,0.0,0.0
13813,149261,0.0,0.0,0.0,0.0,0.0
10392,22990,0.0,0.0,0.0,0.0,0.0
35738,14588,0.9970249163257716,0.0,0.0,0.0,0.0
16358,31334,0.0,0.0,0.0,0.0,0.0
2280,420792,0.0,0.0,0.0,0.0,0.0
2941,174775,0.0,0.0,0.0,0.0,0.0
73628,160065,0.9970249163257716,0.0,1.0,1.0,0.0
50652,50654,0.0,0.0,0.0,0.0,0.0
37532,185357,0.0,0.0,0.0,0.0,0.0
5226,51488,0.0,0.0,0.0,0.0,0.0
3547,59379,0.0,0.0,0.0,0.0,0.0
5226,116505,0.0,0.0,0.0,0.0,0.0
16131,150525,0.0,0.0,0.0,0.0,0.0
53477,63393,0.0,0.0,0.0,0.0,0.0
15122,56638,0.9970249163257716,0.0,0.0,0.0,0.0
6704,95848,0.0,0.0,0.0,0.0,0.0
76013,77500,0.0,0.0,0.0,0.0,0.0
4537,7171,1.0,0.0,1.0,0.0,0.0
134319,50265,0.9970249163257716,0.0,0.0,0.0,0.0
46471,26527,0.9970249163257716,0.0,1.0,1.0,0.0
12966,17527,0.9970249163257716,0.0,0.9998140572703608,0.9998140572703608,0.0
14549,95226,0.0,0.0,0.0,0.0,0.0
20117,223577,0.0,0.0,0.0,0.0,0.0
107231,56303,0.9970249163257716,0.0,0.0,0.0,0.0
189051,28962,0.9970249163257716,0.0,0.0,0.0,0.0
238570,78103,0.0,0.0,0.0,0.0,0.0
349,425497,0.0,0.0,0.0,0.0,0.0
146070,16527,0.9970249163257716,0.0,0.0,0.0,0.0
35376,63931,0.0,0.0,0.0,0.0,1.0
67382,39889,1.0,0.0,1.0,1.0,1.0
5011,103517,0.0,0.0,0.0,0.0,0.0
35376,90325,1.0,0.0,1.0,0.0,0.0
15421,19116,0.0,0.0,0.0,0.0,0.0
94,276476,0.0,0.0,0.0,0.0,0.0
36780,22449,0.0,0.0,0.0,0.0,0.0
375581,84959,0.0,0.0,0.0,0.0,0.0
220058,56771,0.0,0.0,0.0,0.0,0.0
19,66669,0.9970249163257716,0.0,0.0,0.0,0.0
15834,90512,0.0,0.0,0.0,0.0,0.0
3233,125164,0.0,0.0,0.0,0.0,0.0
57114,57525,0.0,0.0,0.0,0.0,0.0
334677,325082,0.0,0.0,0.0,0.0,0.0
71744,46378,0.0,0.0,0.0,0.0,0.0
66669,4730,0.0,0.0,0.0,0.0,0.0
18431,26033,0.9970249163257716,0.0,0.0,0.0,0.0
11921,13603,1.0,0.0,1.0,1.0,1.0
9203,93256,0.0,0.0,0.0,0.0,0.0
101854,101873,0.0,0.0,0.0,0.0,0.0
329158,97560,0.0,0.0,0.0,0.0,0.0
2179,53587,0.0,0.0,0.0,0.0,0.0
24755,130099,0.9970249163257716,0.0,0.9998140572703608,0.9998140572703608,0.0
88804,29168,0.0,0.0,0.0,0.0,0.0
65589,140517,0.0,0.0,0.0,0.0,0.0
77595,58102,0.9970249163257716,0.0,1.0,1.0,0.0
136661,120451,0.9970249163257716,0.0,1.0,1.0,0.0
4289,248960,0.0,0.0,0.0,0.0,0.0
202007,279668,0.0,0.0,0.0,0.0,0.0
14615,58074,1.0,0.0,0.0,0.0,0.0
14615,80861,0.0,0.0,0.0,0.0,0.0
408667,28476,0.0,0.0,0.0,0.0,0.0
37428,121433,0.0,0.0,0.0,0.0,0.0
37532,75976,1.0,0.0,1.0,0.0,0.0
13077,15538,0.0,0.0,0.0,0.0,0.0
2941,220557,0.0,0.0,0.0,0.0,0.0
6645,6672,0.0,0.0,0.0,0.0,0.0
74744,26153,0.0,0.0,0.0,0.0,0.0
232004,185342,0.0,0.0,0.0,0.0,0.0
13813,120021,0.0,0.0,0.0,0.0,1.0
13390,192820,0.0,0.0,0.0,0.0,0.0
74046,124930,1.0,0.0,1.0,1.0,0.0
7566,28458,0.9970249163257716,0.0,1.0,1.0,0.0
274059,183195,0.0,0.0,0.0,0.0,0.0
170862,11991,0.0,0.0,0.0,0.0,0.0
42180,45189,0.0,0.0,0.0,0.0,0.0
12342,13813,1.0,0.0,1.0,0.0,1.0
66669,88691,0.0,0.0,0.0,0.0,0.0
979,76667,0.0,0.0,0.0,0.0,0.0
349,130098,0.0,0.0,0.0,0.0,0.0
169600,5965,0.0,0.0,0.0,0.0,0.0
199899,3629,0.0,0.0,0.0,0.0,0.0
361493,2290,0.0,0.0,0.0,0.0,0.0
13813,221491,1.0,0.0,1.0,0.0,1.0
103148,39362,0.0,0.0,0.0,0.0,0.0
3752,17175,0.9970249163257716,0.0,0.0,0.0,0.0
311039,88030,0.9970249163257716,0.0,0.0,0.0,0.0
41190,48344,0.0,0.0,0.0,0.0,0.0
8835,147538,0.9970249163257716,0.0,0.0,0.0,0.0
197725,13813,0.0,0.0,0.0,0.0,0.0
84206,30069,0.0,0.0,0.0,0.0,0.0
316,184805,0.0,0.0,0.0,0.0,0.0
2338,55539,0.0,0.0,0.0,0.0,0.0
383,26223,0.0,0.0,0.0,0.0,0.0
39631,9903,0.0,0.0,0.0,0.0,0.0
8374,10691,0.0,0.0,0.0,0.0,0.0
14315,343280,0.0,0.0,0.0,0.0,0.0
339,81294,0.0,0.0,0.0,0.0,0.0
35376,62826,0.9970249163257716,0.0,0.0,0.0,0.0
58891,26352,0.0,0.0,0.0,0.0,0.0
3533,36989,0.0,0.0,0.0,0.0,0.0
233404,27864,0.0,0.0,0.0,0.0,0.0
2994,5933,0.0,0.0,0.0,0.0,0.0
76835,13640,0.0,0.0,0.0,0.0,0.0
44795,17622,0.9970249163257716,0.0,1.0,1.0,0.0
11341,148000,0.0,0.0,0.0,0.0,0.0
10111,185190,0.0,0.0,0.0,0.0,0.0
13813,23188,0.0,0.0,0.0,0.0,0.0
18431,151474,0.9970249163257716,0.0,0.0,0.0,0.0
68206,77562,0.0,0.0,0.0,0.0,0.0
349,261931,0.0,0.0,0.0,0.0,0.0
433004,27029,0.0,0.0,0.0,0.0,0.0
7803,75606,0.0,0.0,0.0,0.0,0.0
267639,54135,0.0,0.0,0.0,0.0,0.0
205969,152912,0.0,0.0,0.0,0.0,0.0
40239,74578,0.0,0.0,0.0,0.0,0.0
143608,224711,0.0,0.0,0.0,0.0,0.0
13117,221448,0.0,0.0,0.0,0.0,0.0
43596,14454,0.0,0.0,0.0,0.0,0.0
202812,211753,0.0,0.0,0.0,0.0,0.0
7946,8268,0.0,0.0,0.0,0.0,0.0
40414,90512,0.0,0.0,0.0,0.0,0.0
105143,13813,0.0,0.0,0.0,0.0,0.9998140572703608
278535,27037,0.0,0.0,0.0,0.0,0.0
69127,50901,0.0,0.0,0.0,0.0,0.0
13813,84572,0.0,0.0,0.0,0.0,0.9998140572703608
222,37901,0.0,0.0,0.0,0.0,0.0
9903,32132,0.0,0.0,0.0,0.0,0.0
35352,344696,0.9970249163257716,0.0,0.0,0.0,0.0
163970,11921,0.0,0.0,0.0,0.0,0.0
5011,179789,0.0,0.0,0.0,0.0,0.0
322,389971,0.0,0.0,0.0,0.0,0.0
118979,28285,0.0,0.0,0.0,0.0,0.0
14454,185952,0.0,0.0,0.0,0.0,0.0
6948,117988,0.0,0.0,0.0,0.0,0.0
103181,254564,0.9970249163257716,0.0,0.0,0.0,0.0
383,420748,0.0,0.0,0.0,0.0,0.0
14075,252562,0.9970249163257716,0.0,0.0,0.0,0.0
111319,22630,0.0,0.0,0.0,0.0,0.0
334033,13813,0.0,0.0,0.0,0.0,0.0
3233,369002,0.0,0.0,0.0,0.0,0.0
375581,114942,0.0,0.0,0.0,0.0,0.0
5011,10014,0.0,0.0,0.0,0.0,0.0
335,5429,0.0,0.0,0.0,0.0,0.0
98472,18431,0.0,0.0,0.0,0.0,0.0
107542,64911,0.9970249163257716,0.0,0.0,0.0,0.0
5226,116893,0.9970249163257716,0.0,1.0,1.0,0.0
335,196130,1.0,0.0,1.0,1.0,0.0
13460,20373,0.0,0.0,0.0,0.0,0.0
7468,84030,0.0,0.0,0.0,0.0,0.0
2994,170519,0.0,0.0,0.0,0.0,0.0
274546,91308,0.0,0.0,0.0,0.0,0.0
198589,2266,0.0,0.0,0.0,0.0,0.0
145482,88493,0.0,0.0,0.0,0.0,0.0
164880,20072,0.0,0.0,0.0,0.0,0.0
213,220962,0.0,0.0,0.0,0.0,0.0
349,337809,0.0,0.0,0.0,0.0,1.0
349,136111,0.0,0.0,0.0,0.0,1.0
37737,55804,0.0,0.0,0.0,0.0,0.0
451156,60848,0.9970249163257716,0.0,0.0,0.0,0.0
13778,17190,1.0,0.0,1.0,0.0,0.0
68990,14075,0.0,0.0,0.0,0.0,0.0
3298,177881,0.0,0.0,0.0,0.0,0.0
42208,26668,0.0,0.0,0.0,0.0,0.0
349,221491,0.0,0.0,0.0,0.0,1.0
11921,258580,0.0,0.0,0.0,0.0,0.0
16452,89201,0.0,0.0,0.0,0.0,0.0
13620,55805,0.0,0.0,0.0,0.0,0.0
37428,94753,0.9970249163257716,0.0,1.0,1.0,0.0
16302,18036,0.9970249163257716,0.0,0.0,0.0,0.0
4,13813,0.0,0.0,0.0,0.0,1.0
14577,259241,0.0,0.0,0.0,0.0,0.0
198177,281202,0.0,0.0,0.0,0.0,0.0
75891,86625,0.0,0.0,0.0,0.0,0.0
349,186934,0.0,0.0,0.0,0.0,0.0
18062,219536,0.0,0.0,0.0,0.0,0.0
5113,43143,0.0,0.0,0.0,0.0,0.0
8398,49075,0.0,0.0,0.0,0.0,0.0
243828,26637,0.9970249163257716,0.0,0.0,0.0,0.0
2941,58285,0.0,0.0,0.0,0.0,0.0
66791,101806,0.0,0.0,0.0,0.0,0.0
57161,94552,0.0,0.0,0.0,0.0,0.0
7274,91155,0.0,0.0,0.0,0.0,0.0
39889,19258,0.0,0.0,0.0,0.0,0.0
39782,81889,0.0,0.0,0.0,0.0,0.0
296963,14454,0.0,0.0,0.0,0.0,0.0
27145,29259,0.0,0.0,0.0,0.0,0.0
44117,23695,0.0,0.0,0.0,0.0,0.0
13813,453397,0.0,0.0,0.0,0.0,0.0
5193,46984,0.0,0.0,0.0,0.0,0.0
16527,63790,0.0,0.0,0.0,0.0,0.0
15,93304,0.0,0.0,0.0,0.0,0.0
150264,64911,0.9970249163257716,0.0,0.0,0.0,0.0
16535,16547,0.0,0.0,0.0,0.0,0.0
73081,14454,0.0,0.0,0.0,0.0,0.0
349,137674,0.0,0.0,0.0,0.0,0.0
132649,2567,0.0,0.0,0.0,0.0,0.0
37502,157724,0.9970249163257716,0.0,0.0,0.0,0.0
7566,27029,0.0,0.0,0.0,0.0,0.0
268,159142,0.0,0.0,0.0,0.0,0.0
51,56,0.0,0.0,0.0,0.0,0.0
1577,36841,0.9970249163257716,0.0,1.0,1.0,0.0
70497,20566,0.9970249163257716,0.0,0.0,0.0,0.0
4730,79389,0.0,0.0,0.0,0.0,0.0
15,41100,0.0,0.0,0.0,0.0,0.0
7566,13813,0.0,0.0,0.0,0.0,1.0
8894,80429,0.9970249163257716,0.0,0.0,0.0,0.0
337861,61138,0.0,0.0,0.0,0.0,0.0
77179,50848,0.9970249163257716,0.0,0.0,0.0,0.0
2941,104613,1.0,0.0,0.0,0.0,0.0
20920,291994,0.0,0.0,0.0,0.0,0.0
56426,30322,0.0,0.0,0.0,0.0,0.0
4380,97566,0.0,0.0,0.0,0.0,0.0
75976,50901,1.0,0.0,1.0,0.0,0.0
65670,7566,0.0,0.0,0.0,0.0,0.0
167004,43853,0.9970249163257716,0.0,1.0,1.0,0.0
16516,88515,0.0,0.0,0.0,0.0,0.0
3629,111795,1.0,0.0,1.0,1.0,0.0
9881,60534,0.9970249163257716,0.0,0.9998140572703608,0.9998140572703608,0.0
114970,94901,0.0,0.0,0.0,0.0,0.0
9021,241536,1.0,0.0,1.0,1.0,0.0
27029,387522,0.0,0.0,0.0,0.0,0.0
5193,447409,0.0,0.0,0.0,0.0,0.0
98901,329195,0.0,0.0,0.0,0.0,0.0
5226,57648,0.0,0.0,0.0,0.0,0.0
412080,54291,0.0,0.0,0.0,0.0,0.0
43347,90227,0.0,0.0,0.0,0.0,0.0
2941,233661,0.0,0.0,0.0,0.0,0.0
8385,62464,0.0,0.0,0.0,0.0,0.0
2143,121428,0.0,0.0,0.0,0.0,0.0
16188,63151,0.0,0.0,0.0,0.0,0.0
13813,255849,0.0,0.0,0.0,0.0,0.0
262697,2994,0.0,0.0,0.0,0.0,0.0
7569,451011,0.9970249163257716,0.0,0.0,0.0,0.0
67382,18819,0.0,0.0,0.0,0.0,0.0
1896,26033,0.9970249163257716,0.0,0.0,0.0,0.0
146637,16358,0.0,0.0,0.0,0.0,0.0
269240,8970,0.0,0.0,0.0,0.0,0.0
383,216503,0.0,0.0,0.0,0.0,0.0
9021,77579,0.9970249163257716,0.0,0.0,0.0,0.0
43322,64500,0.0,0.0,0.0,0.0,0.0
383,31287,0.0,0.0,0.0,0.0,0.0
71285,44939,0.9970249163257716,0.0,0.9998140572703608,0.9998140572703608,0.0
213,93532,0.9970249163257716,0.0,0.0,0.0,0.0
340,25907,0.0,0.0,0.0,0.0,0.0
340414,31549,0.0,0.0,0.0,0.0,0.0
16440,325463,0.0,0.0,0.0,0.0,0.0
3235,283935,0.0,0.0,0.0,0.0,0.0
383,89017,0.9970249163257716,0.0,1.0,1.0,0.0
58283,27800,0.0,0.0,0.0,0.0,0.0
45605,21517,1.0,0.0,0.0,0.0,0.0
35131,28067,0.9970249163257716,0.0,0.0,0.0,0.0
85807,157508,0.9970249163257716,0.0,0.0,0.0,0.0
145408,351809,0.0,0.0,0.0,0.0,0.0
171917,13778,0.0,0.0,0.0,0.0,0.0
54064,28253,0.0,0.0,0.0,0.0,0.0
35376,85802,0.0,0.0,0.0,0.0,0.0
2156,29135,0.0,0.0,0.0,0.0,0.0
2156,75275,0.0,0.0,0.0,0.0,0.0
89,74878,0.9970249163257716,0.0,0.0,0.0,0.0
32972,122680,0.9970249163257716,0.0,0.0,0.0,0.0
383,346159,0.0,0.0,0.0,0.0,0.0
203432,13813,0.0,0.0,0.0,0.0,0.0
349,419580,0.0,0.0,0.0,0.0,0.0
199543,32445,0.0,0.0,0.0,0.0,0.0
4599,89242,0.9970249163257716,0.0,0.0,0.0,0.0
171617,13813,0.0,0.0,0.0,0.0,0.9998140572703608
2765,117221,0.0,0.0,0.0,0.0,0.0
69525,28458,0.9970249163257716,0.0,1.0,1.0,0.0
13093,248960,0.0,0.0,0.0,0.0,0.0
112676,115447,0.0,0.0,0.0,0.0,0.0
50901,190264,0.0,0.0,0.0,0.0,0.0
7274,27850,0.9970249163257716,0.0,0.9998140572703608,0.9998140572703608,0.0
92920,92934,0.0,0.0,0.0,0.0,0.0
79911,163479,0.0,0.0,0.0,0.0,0.0
207170,119322,0.0,0.0,0.0,0.0,0.0
40678,13778,0.0,0.0,0.0,0.0,0.0
511,52905,0.0,0.0,0.0,0.0,0.0
349,73099,0.9970249163257716,0.0,0.0,0.0,0.0
57,322102,0.0,0.0,0.0,0.0,0.0
237009,47518,0.0,0.0,0.0,0.0,0.0
39782,56144,0.0,0.0,0.0,0.0,0.0
69589,10214,0.9970249163257716,0.0,0.0,0.0,0.0
100785,91119,0.0,0.0,0.0,0.0,0.0
4509,7151,0.9970249163257716,0.0,0.0,0.0,0.0
35376,50221,0.0,0.0,0.0,0.0,0.0
383,262813,0.0,0.0,0.0,0.0,0.0
16801,28802,0.0,0.0,0.0,0.0,0.0
46803,245362,0.0,0.0,0.0,0.0,0.0
2010,109368,0.0,0.0,0.0,0.0,0.0
13813,88695,0.0,0.0,0.0,0.0,0.9998140572703608
70761,76311,0.0,0.0,0.0,0.0,0.0
20718,28683,0.0,0.0,0.0,0.0,0.0
12751,78701,1.0,0.0,1.0,0.0,0.0
2941,51876,0.0,0.0,0.0,0.0,0.0
485,139311,0.0,0.0,0.0,0.0,0.0
108150,63793,1.0,0.0,1.0,0.0,0.0
4317,7288,0.0,0.0,0.0,0.0,0.0
86501,98123,0.0,0.0,0.0,0.0,0.0
2567,37595,0.0,0.0,0.0,0.0,0.0
4526,189509,0.0,0.0,0.0,0.0,0.0
141864,64911,0.0,0.0,0.0,0.0,0.0
2576,69641,0.0,0.0,0.0,0.0,0.0
8727,9017,0.9970249163257716,0.0,0.0,0.0,0.0
4,128817,0.0,0.0,0.0,0.0,0.0
263695,126091,0.0,0.0,0.0,0.0,0.0
3547,150857,0.0,0.0,0.0,0.0,0.0
3571,107231,0.0,0.0,0.0,0.0,0.0
433454,9146,0.0,0.0,0.0,0.0,0.0
8942,77212,0.0,0.0,0.0,0.0,0.0
13867,93751,0.0,0.0,0.0,0.0,0.0
2670,63049,0.0,0.0,0.0,0.0,0.0
113099,380821,0.9970249163257716,0.0,0.0,0.0,0.0
2175,48367,0.0,0.0,0.0,0.0,0.0
511,37813,0.0,0.0,0.0,0.0,0.0
86397,87993,0.0,0.0,0.0,0.0,0.0
80920,32064,0.9970249163257716,0.0,0.0,0.0,0.0
356,229741,0.0,0.0,0.0,0.0,0.0
121139,358829,1.0,0.0,1.0,1.0,0.0
161742,32226,0.0,0.0,0.0,0.0,0.0
6,97672,0.9970249163257716,0.0,0.0,0.0,0.0
5795,113574,0.0,0.0,0.0,0.0,0.0
137033,13813,0.0,0.0,0.0,0.0,0.0
266814,13813,0.0,0.0,0.0,0.0,0.9998140572703608
16801,18537,0.0,0.0,0.0,0.0,0.0
51466,94854,0.9970249163257716,0.0,1.0,1.0,0.0
135630,14615,0.0,0.0,0.0,0.0,0.0
173995,28306,0.0,0.0,0.0,0.0,0.0
14615,60017,0.9970249163257716,0.0,1.0,1.0,0.0
84223,30069,0.0,0.0,0.0,0.0,0.0
14577,326051,0.0,0.0,0.0,0.0,0.0
232353,19343,0.0,0.0,0.0,0.0,0.0
5113,11125,0.0,0.0,0.0,0.0,0.0
2050,6218,0.0,0.0,0.0,0.0,0.0
39492,13484,0.0,0.0,0.0,0.0,0.0
12966,287719,0.9970249163257716,0.0,0.0,0.0,0.0
236605,64482,0.9970249163257716,0.0,0.0,0.0,0.0
100487,81564,0.0,0.0,0.0,0.0,0.0
2175,81225,0.0,0.0,0.0,0.0,0.0
147753,162404,0.0,0.0,0.0,0.0,0.0
14615,217514,0.0,0.0,0.0,0.0,0.0
8016,8343,0.0,0.0,0.0,0.0,0.0
214092,86501,0.0,0.0,0.0,0.0,0.0
485,2157,0.0,0.0,0.0,0.0,0.0
1255,3533,0.0,0.0,0.0,0.0,0.0
11714,20072,0.0,0.0,0.0,0.0,0.0
15893,154332,0.0,0.0,0.0,0.0,0.0
67210,7646,0.0,0.0,0.0,0.0,0.0
3393,261414,0.0,0.0,0.0,0.0,0.0
13813,22947,0.0,0.0,0.0,0.0,0.0
231954,7566,0.0,0.0,0.0,0.0,0.0
21747,96913,0.9970249163257716,0.0,1.0,1.0,0.0
86482,30241,0.0,0.0,0.0,0.0,0.0
59178,60035,0.0,0.0,0.0,0.0,0.0
99633,67382,0.0,0.0,0.0,0.0,0.0
385,9391,0.0,0.0,0.0,0.0,0.0
301774,15893,0.9970249163257716,0.0,0.0,0.0,0.0
25434,26640,0.0,0.0,0.0,0.0,0.0
374,268658,0.0,0.0,0.0,0.0,0.0
37443,13766,0.0,0.0,0.0,0.0,0.0
232237,103577,0.0,0.0,0.0,0.0,0.0
32972,91342,0.0,0.0,0.0,0.0,0.0
302797,25934,0.9970249163257716,0.0,0.0,0.0,0.0
20955,20968,0.0,0.0,0.0,0.0,0.0
356,92809,0.0,0.0,0.0,0.0,0.0
2156,193339,0.0,0.0,0.0,0.0,0.0
7401,60587,0.0,0.0,0.0,0.0,0.0
10752,176063,0.9970249163257716,0.0,1.0,1.0,0.0
234648,50901,0.0,0.0,0.0,0.0,0.0
973,45605,1.0,0.0,1.0,1.0,0.0
5208,221484,0.9970249163257716,0.0,0.0,0.0,0.0
3547,102949,0.0,0.0,0.0,0.0,0.0
33105,2402,0.0,0.0,0.0,0.0,0.0
11946,277878,1.0,0.0,1.0,1.0,0.0
78354,148883,1.0,0.0,1.0,1.0,0.0
16358,96096,0.0,0.0,0.0,0.0,0.0
20920,187902,0.0,0.0,0.0,0.0,0.0
94854,359473,0.9970249163257716,0.0,1.0,1.0,0.0
37532,26314,0.0,0.0,0.0,0.0,0.0
157667,28476,0.0,0.0,0.0,0.0,0.0
39633,52087,0.0,0.0,0.0,0.0,0.0
64911,98100,0.9970249163257716,0.0,1.0,1.0,0.0
199570,15169,0.0,0.0,0.0,0.0,0.0
400378,13813,0.0,0.0,0.0,0.0,0.9998140572703608
11792,162293,0.0,0.0,0.0,0.0,0.0
11792,412080,0.0,0.0,0.0,0.0,0.0
100214,211120,0.0,0.0,0.0,0.0,0.0
37532,20939,0.0,0.0,0.0,0.0,0.0
138611,76011,1.0,0.0,1.0,1.0,0.0
34963,20968,0.0,0.0,0.0,0.0,0.0
80861,31337,0.0,0.0,0.0,0.0,0.0
8129,9964,0.0,0.0,0.0,0.0,0.0
307072,12281,0.0,0.0,0.0,0.0,0.0
13813,244592,0.0,0.0,0.0,0.0,0.9998140572703608
11792,20206,0.0,0.0,0.0,0.0,0.0
276872,26677,0.0,0.0,0.0,0.0,0.0
35729,286367,0.9970249163257716,0.0,0.0,0.0,0.0
83921,57468,0.9970249163257716,0.0,1.0,1.0,0.0
12937,158227,0.0,0.0,0.0,0.0,0.0
43701,315387,0.9970249163257716,0.0,0.0,0.0,0.0
13813,53723,0.0,0.0,0.0,0.0,0.9998140572703608
133192,4368,0.0,0.0,0.0,0.0,0.0
32972,107894,0.9970249163257716,0.0,0.0,0.0,0.0
85424,289375,0.0,0.0,0.0,0.0,0.0
621,1321,0.0,0.0,0.0,0.0,0.0
431476,28476,0.9970249163257716,0.0,1.0,1.0,0.0
6,52076,0.9970249163257716,0.0,0.0,0.0,0.0
84086,28995,0.9970249163257716,0.0,1.0,1.0,0.0
14677,288942,0.0,0.0,0.0,0.0,0.0
107894,13813,0.9970249163257716,0.0,0.0,0.0,1.0
11960,341582,0.0,0.0,0.0,0.0,0.0
125332,62580,0.0,0.0,0.0,0.0,0.0
69891,14615,1.0,0.0,1.0,0.0,1.0
43183,16083,0.0,0.0,0.0,0.0,0.0
28476,65232,0.0,0.0,0.0,0.0,0.0
511,7274,1.0,0.0,1.0,1.0,1.0
266547,13813,0.0,0.0,0.0,0.0,0.9998140572703608
42736,111780,0.9970249163257716,0.0,1.0,1.0,0.0
2994,423161,0.0,0.0,0.0,0.0,0.0
35731,28557,0.0,0.0,0.0,0.0,0.0
14590,114461,0.0,0.0,0.0,0.0,0.0
335,36613,0.0,0.0,0.0,0.0,0.0
39633,27029,0.0,0.0,0.0,0.0,0.0
14454,50292,0.0,0.0,0.0,0.0,0.0
485,242707,0.0,0.0,0.0,0.0,0.0
335,109398,0.0,0.0,0.0,0.0,0.0
76876,27718,0.9970249163257716,0.0,1.0,1.0,0.0
110932,25091,0.9970249163257716,0.0,0.0,0.0,0.0
51731,51749,0.0,0.0,0.0,0.0,0.0
268582,6644,0.0,0.0,0.0,0.0,0.0
25089,192349,0.0,0.0,0.0,0.0,0.0
349,22472,0.0,0.0,0.0,0.0,0.0
9964,47199,0.9970249163257716,0.0,1.0,1.0,0.0
27029,62391,0.9970249163257716,0.0,0.0,0.0,1.0
50361,294870,0.0,0.0,0.0,0.0,0.0
1880,55598,0.0,0.0,0.0,0.0,0.0
39420,59144,0.0,0.0,0.0,0.0,0.0
57,62045,0.0,0.0,0.0,0.0,0.0
112642,14549,0.0,0.0,0.0,0.0,0.0
43879,51456,0.9970249163257716,0.0,1.0,1.0,0.0
33386,63380,0.0,0.0,0.0,0.0,0.0
26538,324724,0.9970249163257716,0.0,1.0,1.0,0.0
349,42947,0.0,0.0,0.0,0.0,0.0
67382,26166,0.0,0.0,0.0,0.0,0.0
116723,58159,0.0,0.0,0.0,0.0,0.0
325,10789,0.0,0.0,0.0,0.0,0.0
20920,90618,0.0,0.0,0.0,0.0,0.0
5387,18028,0.0,0.0,0.0,0.0,0.0
13813,180058,0.0,0.0,0.0,0.0,0.0
54207,88445,0.0,0.0,0.0,0.0,0.0
74491,109652,0.0,0.0,0.0,0.0,0.0
72512,94696,0.0,0.0,0.0,0.0,0.0
2290,82824,0.0,0.0,0.0,0.0,0.0
43701,185195,0.0,0.0,0.0,0.0,0.0
10179,18269,0.0,0.0,0.0,0.0,0.0
4309,12745,0.0,0.0,0.0,0.0,0.0
16358,192624,0.0,0.0,0.0,0.0,0.0
137200,93343,0.0,0.0,0.0,0.0,0.0
201892,51631,0.0,0.0,0.0,0.0,0.0
6150,64911,0.0,0.0,0.0,0.0,0.0
4990,14721,0.0,0.0,0.0,0.0,0.0
74985,26139,0.0,0.0,0.0,0.0,0.0
73848,50901,0.0,0.0,0.0,0.0,0.0
444973,54291,0.0,0.0,0.0,0.0,0.0
121074,162469,0.0,0.0,0.0,0.0,0.0
109281,59893,0.0,0.0,0.0,0.0,0.0
2553,6148,0.0,0.0,0.0,0.0,0.0
132561,26031,0.0,0.0,0.0,0.0,0.0
2156,276378,0.0,0.0,0.0,0.0,0.0
45013,14588,0.9970249163257716,0.0,0.0,0.0,0.0
24967,24972,0.9970249163257716,0.0,1.0,1.0,0.0
78961,14577,0.0,0.0,0.0,0.0,0.0
1722,25863,1.0,0.0,1.0,1.0,0.0
14744,14763,0.9970249163257716,0.0,1.0,1.0,0.0
61130,61138,0.0,0.0,0.0,0.0,0.0
3472,61207,0.0,0.0,0.0,0.0,0.0
317,391411,0.0,0.0,0.0,0.0,0.0
67315,9100,0.0,0.0,0.0,0.0,0.0
4272,9091,0.0,0.0,0.0,0.0,0.0
65919,5193,0.0,0.0,0.0,0.0,0.0
42172,56968,1.0,0.0,0.0,0.0,0.0
52905,62354,0.0,0.0,0.0,0.0,0.0
4,9460,0.0,0.0,0.0,0.0,0.0
78354,22511,1.0,0.0,1.0,1.0,0.0
14577,119101,0.0,0.0,0.0,0.0,0.0
153606,93502,1.0,0.0,1.0,1.0,0.0
9021,95410,0.0,0.0,0.0,0.0,0.0
66492,14577,0.9970249163257716,0.0,1.0,1.0,0.0
2010,89751,0.0,0.0,0.0,0.0,0.0
35059,58173,0.0,0.0,0.0,0.0,0.0
511,59177,0.0,0.0,0.0,0.0,0.0
9133,9186,0.0,0.0,0.0,0.0,0.0
111325,282756,0.9970249163257716,0.0,0.0,0.0,0.0
333257,12224,0.0,0.0,0.0,0.0,0.0
4708,73081,0.0,0.0,0.0,0.0,0.0
111982,26352,0.0,0.0,0.0,0.0,0.0
263690,45250,0.9970249163257716,0.0,1.0,1.0,0.0
11991,90442,0.9970249163257716,0.0,0.0,0.0,0.0
2594,92809,0.0,0.0,0.0,0.0,0.0
35729,206362,1.0,0.0,0.0,0.0,0.0
84219,27029,0.0,0.0,0.0,0.0,0.0
2941,5988,0.9970249163257716,0.0,0.0,0.0,0.0
10637,17727,0.0,0.0,0.0,0.0,0.0
3807,4570,0.9970249163257716,0.0,0.0,0.0,0.0
40986,22470,0.9970249163257716,0.0,0.0,0.0,0.0
13813,18028,0.9970249163257716,0.0,0.0,0.0,1.0
6672,94023,0.0,0.0,0.0,0.0,0.0
34629,96320,0.0,0.0,0.0,0.0,0.0
12937,84219,0.9970249163257716,0.0,0.0,0.0,0.0
2696,178147,0.0,0.0,0.0,0.0,0.0
35738,27029,0.0,0.0,0.0,0.0,1.0
378,459,0.0,0.0,0.0,0.0,0.0
34801,282758,0.0,0.0,0.0,0.0,0.0
10111,77279,0.9970249163257716,0.0,1.0,1.0,0.0
2288,6671,0.0,0.0,0.0,0.0,0.0
67382,12751,1.0,0.0,1.0,1.0,1.0
164875,68099,0.0,0.0,0.0,0.0,0.0
72201,93333,0.0,0.0,0.0,0.0,0.0
42173,42180,0.9970249163257716,0.0,0.9998140572703608,0.9998140572703608,0.0
330,111583,0.0,0.0,0.0,0.0,0.0
22832,61220,0.0,0.0,0.0,0.0,0.0
335,197729,0.0,0.0,0.0,0.0,0.0
383,10093,0.0,0.0,0.0,0.0,0.0
363392,5907,0.0,0.0,0.0,0.0,0.0
37499,59893,0.0,0.0,0.0,0.0,0.0
13092,56299,0.0,0.0,0.0,0.0,0.0
16358,31326,0.0,0.0,0.0,0.0,0.0
132862,140613,0.0,0.0,0.0,0.0,0.0
22759,22865,0.0,0.0,0.0,0.0,0.0
71800,13813,0.0,0.0,0.0,0.0,0.0
8016,51288,0.0,0.0,0.0,0.0,0.0
3603,12751,1.0,0.0,1.0,1.0,0.0
305,177884,0.9970249163257716,0.0,1.0,1.0,0.0
8391,348423,0.9970249163257716,0.0,0.0,0.0,0.0
19,430851,0.0,0.0,0.0,0.0,0.0
362045,6948,0.0,0.0,0.0,0.0,0.0
549,2157,0.0,0.0,0.0,0.0,0.0
489,82150,0.0,0.0,0.0,0.0,0.0
35376,31564,0.9970249163257716,0.0,0.0,0.0,0.0
74048,156149,0.0,0.0,0.0,0.0,0.0
12751,13136,1.0,0.0,1.0,1.0,0.0
5907,57053,0.9970249163257716,0.0,1.0,1.0,0.0
51757,52514,0.0,0.0,0.0,0.0,0.0
66130,8136,0.0,0.0,0.0,0.0,0.0
6557,75304,0.0,0.0,0.0,0.0,0.0
137653,25437,0.0,0.0,0.0,0.0,0.0
33833,50242,0.0,0.0,0.0,0.0,0.0
138795,30806,0.9970249163257716,0.0,0.0,0.0,0.0
11339,52288,0.0,0.0,0.0,0.0,0.0
38593,20265,0.0,0.0,0.0,0.0,0.0
37105,190385,1.0,0.0,1.0,1.0,0.0
2138,200782,0.0,0.0,0.0,0.0,0.0
43720,49783,0.0,0.0,0.0,0.0,0.0
43725,15893,0.9970249163257716,0.0,0.0,0.0,0.0
77,54295,0.0,0.0,0.0,0.0,0.0
6691,43701,0.9970249163257716,0.0,0.0,0.0,0.0
168058,23938,0.9970249163257716,0.0,1.0,1.0,0.0
322,188829,0.0,0.0,0.0,0.0,0.0
3603,365618,0.0,0.0,0.0,0.0,0.0
101398,19009,0.0,0.0,0.0,0.0,0.0
41854,64911,0.9970249163257716,0.0,1.0,1.0,1.0
217042,22990,0.0,0.0,0.0,0.0,0.0
34663,40797,0.0,0.0,0.0,0.0,0.0
14727,392143,0.9970249163257716,0.0,0.0,0.0,0.0
4794,5448,0.0,0.0,0.0,0.0,0.0
6701,63360,0.0,0.0,0.0,0.0,0.0
389,16502,0.9970249163257716,0.0,0.0,0.0,0.0
511,33468,0.0,0.0,0.0,0.0,0.0
10179,22450,0.0,0.0,0.0,0.0,0.0
47794,250575,0.0,0.0,0.0,0.0,0.0
5193,74178,0.0,0.0,0.0,0.0,0.0
2670,26668,0.0,0.0,0.0,0.0,0.0
71549,106517,0.0,0.0,0.0,0.0,0.0
13813,48344,0.0,0.0,0.0,0.0,1.0
10111,109368,0.0,0.0,0.0,0.0,0.0
78701,89814,0.9970249163257716,0.0,0.0,0.0,0.0
4570,45605,0.0,0.0,0.0,0.0,0.0
272513,160725,0.0,0.0,0.0,0.0,0.0
237751,89899,0.0,0.0,0.0,0.0,0.0
106596,47756,0.9970249163257716,0.0,1.0,1.0,0.0
75798,13813,0.9970249163257716,0.0,0.0,0.0,1.0
4994,204837,0.0,0.0,0.0,0.0,0.0
8391,15769,0.0,0.0,0.0,0.0,0.0
213,81900,0.0,0.0,0.0,0.0,0.0
98458,43864,0.0,0.0,0.0,0.0,0.0
8398,22990,0.0,0.0,0.0,0.0,0.0
14945,25907,0.0,0.0,0.0,0.0,0.0
35376,65210,0.9970249163257716,0.0,0.0,0.0,0.0
8942,81751,0.0,0.0,0.0,0.0,0.0
2010,24700,0.0,0.0,0.0,0.0,0.0
1837,35731,0.0,0.0,0.0,0.0,0.0
12966,187703,0.9970249163257716,0.0,0.0,0.0,0.0
102195,14727,0.9970249163257716,0.0,0.0,0.0,0.0
93511,196276,0.0,0.0,0.0,0.0,0.0
70591,42354,0.0,0.0,0.0,0.0,0.0
13813,147421,0.0,0.0,0.0,0.0,0.0
137187,64849,0.0,0.0,0.0,0.0,0.0
54897,60587,0.0,0.0,0.0,0.0,0.0
52087,87373,1.0,0.0,1.0,1.0,0.0
322,195217,0.0,0.0,0.0,0.0,0.0
333518,50901,0.9970249163257716,0.0,0.0,0.0,0.0
143,37277,0.0,0.0,0.0,0.0,0.0
7523,13813,0.0,0.0,0.0,0.0,0.0
14615,115246,0.0,0.0,0.0,0.0,0.0
13813,93502,1.0,0.0,1.0,1.0,1.0
5226,23946,0.0,0.0,0.0,0.0,0.0
119067,57993,0.0,0.0,0.0,0.0,0.0
437,113088,0.0,0.0,0.0,0.0,0.0
86,20716,0.0,0.0,0.0,0.0,0.0
35376,116808,1.0,0.0,0.0,0.0,0.0
22990,125115,0.0,0.0,0.0,0.0,0.0
279269,26139,0.0,0.0,0.0,0.0,0.0
77515,56453,0.0,0.0,0.0,0.0,0.0
138369,84644,0.0,0.0,0.0,0.0,0.0
49315,49323,0.0,0.0,0.0,0.0,0.0
42714,43853,0.0,0.0,0.0,0.0,0.0
361426,8767,0.0,0.0,0.0,0.0,0.0
43701,77197,0.9970249163257716,0.0,0.0,0.0,0.0
102191,87706,0.9970249163257716,0.0,1.0,1.0,0.0
168393,168394,0.9970249163257716,0.0,0.0,0.0,0.0
165572,39959,0.0,0.0,0.0,0.0,0.0
13813,29992,0.0,0.0,0.0,0.0,0.0
8005,17527,0.0,0.0,0.0,0.0,0.0
107231,143550,0.0,0.0,0.0,0.0,0.0
322,47272,0.0,0.0,0.0,0.0,0.0
14075,31337,0.0,0.0,0.0,0.0,0.0
361348,37532,0.0,0.0,0.0,0.0,0.0
511,56303,0.0,0.0,0.0,0.0,1.0
11597,32125,0.9970249163257716,0.0,0.0,0.0,0.0
103249,208846,0.0,0.0,0.0,0.0,0.0
7020,30075,0.0,0.0,0.0,0.0,0.0
2288,265801,0.9970249163257716,0.0,0.0,0.0,0.0
2179,211597,0.0,0.0,0.0,0.0,0.0
163,5883,0.0,0.0,0.0,0.0,0.0
8835,31337,0.0,0.0,0.0,0.0,0.0
74042,61220,0.0,0.0,0.0,0.0,0.0
131327,131341,0.9970249163257716,0.0,0.0,0.0,0.0
37532,44005,1.0,0.0,1.0,0.0,0.0
50760,86501,0.0,0.0,0.0,0.0,0.0
37532,170885,0.0,0.0,0.0,0.0,0.0
383,63590,0.0,0.0,0.0,0.0,0.0
169290,52087,0.0,0.0,0.0,0.0,0.0
216,51472,0.0,0.0,0.0,0.0,0.0
43725,110170,1.0,0.0,0.0,0.0,0.0
37428,5226,0.0,0.0,0.0,0.0,1.0
266402,307072,0.0,0.0,0.0,0.0,0.0
14945,16801,0.0,0.0,0.0,0.0,0.0
11921,190538,1.0,0.0,1.0,1.0,0.0
349,88825,0.0,0.0,0.0,0.0,0.0
132822,18089,0.0,0.0,0.0,0.0,0.0
66279,121801,0.9970249163257716,0.0,1.0,1.0,0.0
328550,27037,0.0,0.0,0.0,0.0,0.0
79901,92384,0.0,0.0,0.0,0.0,0.0
239424,14577,0.0,0.0,0.0,0.0,0.0
58578,64911,0.0,0.0,0.0,0.0,0.0
14577,93751,0.0,0.0,0.0,0.0,0.0
13092,82764,0.0,0.0,0.0,0.0,0.0
6148,186603,0.0,0.0,0.0,0.0,0.0
35090,14721,0.9970249163257716,0.0,0.0,0.0,0.0
5226,22997,0.0,0.0,0.0,0.0,1.0
39154,54389,0.0,0.0,0.0,0.0,0.0
135407,8296,0.0,0.0,0.0,0.0,0.0
34519,35375,0.0,0.0,0.0,0.0,0.0
45302,45308,0.0,0.0,0.0,0.0,0.0
69445,4720,0.9970249163257716,0.0,0.0,0.0,0.0
11078,17287,0.9970249163257716,0.0,1.0,1.0,0.0
640,7845,0.0,0.0,0.0,0.0,0.0
14577,57118,0.0,0.0,0.0,0.0,0.0
65554,37532,0.9970249163257716,0.0,0.0,0.0,0.0
2485,3547,0.0,0.0,0.0,0.0,0.0
459,72909,0.0,0.0,0.0,0.0,0.0
46754,95881,0.0,0.0,0.0,0.0,0.0
206569,20920,0.0,0.0,0.0,0.0,0.0
138766,84219,0.9970249163257716,0.0,0.0,0.0,0.0
492,54288,0.0,0.0,0.0,0.0,0.0
43632,29570,0.0,0.0,0.0,0.0,0.0
170598,275070,0.0,0.0,0.0,0.0,0.0
69789,28060,0.0,0.0,0.0,0.0,0.0
4368,121428,0.0,0.0,0.0,0.0,0.0
36854,5193,0.9970249163257716,0.0,0.0,0.0,1.0
212997,17723,0.0,0.0,0.0,0.0,0.0
101981,384211,1.0,0.0,1.0,1.0,0.0
204649,317318,1.0,0.0,1.0,0.0,0.0
4375,218218,0.0,0.0,0.0,0.0,0.0
9964,10392,0.0,0.0,0.0,0.0,0.0
5112,5280,0.9970249163257716,0.0,0.0,0.0,0.0
74218,125327,0.9970249163257716,0.0,0.0,0.0,0.0
13813,147510,0.0,0.0,0.0,0.0,0.0
417,16772,0.0,0.0,0.0,0.0,0.0
15521,15527,0.0,0.0,0.0,0.0,0.0
204977,60510,0.0,0.0,0.0,0.0,0.0
4720,74270,0.9970249163257716,0.0,0.0,0.0,0.0
2156,71848,0.0,0.0,0.0,0.0,0.0
199551,16358,0.0,0.0,0.0,0.0,0.0
16017,119976,0.0,0.0,0.0,0.0,0.0
15404,248691,0.0,0.0,0.0,0.0,0.0
9964,184880,0.0,0.0,0.0,0.0,0.0
168598,11714,0.0,0.0,0.0,0.0,0.0
11946,16482,0.0,0.0,0.0,0.0,0.0
6,19714,0.9970249163257716,0.0,0.0,0.0,0.0
34893,26320,0.0,0.0,0.0,0.0,0.0
369654,369655,0.0,0.0,0.0,0.0,0.0
331550,14577,0.0,0.0,0.0,0.0,0.0
49673,126272,0.0,0.0,0.0,0.0,0.0
76666,52909,0.0,0.0,0.0,0.0,0.0
3547,170689,0.0,0.0,0.0,0.0,0.0
229447,86501,0.9970249163257716,0.0,0.0,0.0,0.0
9101,76417,0.0,0.0,0.0,0.0,0.0
113786,19009,0.0,0.0,0.0,0.0,0.0
7462,22470,0.0,0.0,0.0,0.0,0.0
6644,392143,0.9970249163257716,0.0,0.0,0.0,0.0
8006,12030,0.0,0.0,0.0,0.0,0.0
301599,13813,0.0,0.0,0.0,0.0,0.0
90168,64993,0.0,0.0,0.0,0.0,0.0
383,9405,0.0,0.0,0.0,0.0,0.0
444871,27029,0.0,0.0,0.0,0.0,0.0
11339,56303,0.9970249163257716,0.0,0.0,0.0,0.0
7020,11991,0.0,0.0,0.0,0.0,0.0
134595,5193,0.0,0.0,0.0,0.0,0.0
331558,8970,0.9970249163257716,0.0,1.0,1.0,0.0
3443,12505,0.9970249163257716,0.0,0.0,0.0,0.0
48069,57269,0.0,0.0,0.0,0.0,0.0
6971,336244,0.0,0.0,0.0,0.0,0.0
2874,101480,0.0,0.0,0.0,0.0,0.0
42173,25006,0.0,0.0,0.0,0.0,0.0
265313,265316,0.0,0.0,0.0,0.0,0.0
112140,14875,0.0,0.0,0.0,0.0,0.0
383,210369,0.0,0.0,0.0,0.0,0.0
9828,10262,0.0,0.0,0.0,0.0,0.0
32972,21782,0.0,0.0,0.0,0.0,0.0
33386,138860,0.0,0.0,0.0,0.0,0.0
8903,54009,0.0,0.0,0.0,0.0,0.0
3629,22333,0.0,0.0,0.0,0.0,0.0
5897,72913,0.0,0.0,0.0,0.0,0.0
18431,52087,0.9970249163257716,0.0,0.0,0.0,1.0
199056,93379,0.9970249163257716,0.0,1.0,1.0,0.0
132404,13813,1.0,0.0,0.0,0.0,1.0
980,24647,0.0,0.0,0.0,0.0,0.0
206533,27037,0.0,0.0,0.0,0.0,0.0
298213,13811,0.0,0.0,0.0,0.0,0.0
42574,9964,0.0,0.0,0.0,0.0,0.0
8136,150209,0.0,0.0,0.0,0.0,0.0
37437,116701,0.0,0.0,0.0,0.0,0.0
3188,4208,0.0,0.0,0.0,0.0,0.0
5193,106217,0.0,0.0,0.0,0.0,0.0
37502,44018,0.0,0.0,0.0,0.0,0.0
11946,25258,0.0,0.0,0.0,0.0,0.0
11792,84694,0.0,0.0,0.0,0.0,0.0
1155,5226,0.0,0.0,0.0,0.0,0.0
39492,11377,0.9970249163257716,0.0,1.0,1.0,0.0
113779,32226,0.0,0.0,0.0,0.0,0.0
42,96841,0.0,0.0,0.0,0.0,0.0
7903,13813,0.0,0.0,0.0,0.0,0.0
35376,157735,0.9970249163257716,0.0,0.0,0.0,0.0
10179,56753,0.0,0.0,0.0,0.0,0.0
266861,11597,0.9970249163257716,0.0,0.0,0.0,0.0
72112,13813,0.9970249163257716,0.0,0.0,0.0,1.0
511,8396,0.9970249163257716,0.0,1.0,1.0,0.0
9682,43004,0.0,0.0,0.0,0.0,0.0
67887,26139,0.0,0.0,0.0,0.0,0.0
9176,27864,0.9970249163257716,0.0,0.0,0.0,0.0
3606,55715,0.0,0.0,0.0,0.0,0.0
11991,221491,0.9970249163257716,0.0,0.0,0.0,0.0
26158,27811,1.0,0.0,0.0,0.0,0.0
11921,359258,0.0,0.0,0.0,0.0,0.0
118381,86688,0.0,0.0,0.0,0.0,0.0
37304,37305,0.0,0.0,0.0,0.0,0.0
78418,96421,0.9970249163257716,0.0,0.9998140572703608,0.9998140572703608,0.0
43867,11792,0.9970249163257716,0.0,1.0,1.0,0.0
2994,258137,0.0,0.0,0.0,0.0,0.0
264615,13813,0.0,0.0,0.0,0.0,0.0
112424,22334,0.9970249163257716,0.0,1.0,1.0,0.0
7249,11921,0.9970249163257716,0.0,0.0,0.0,0.0
35731,46842,0.0,0.0,0.0,0.0,0.0
330441,120471,0.0,0.0,0.0,0.0,0.0
8757,19991,0.0,0.0,0.0,0.0,0.0
2010,50856,0.0,0.0,0.0,0.0,0.0
376582,24174,0.0,0.0,0.0,0.0,0.0
10752,116085,0.0,0.0,0.0,0.0,0.0
35374,35376,0.0,0.0,0.0,0.0,0.0
9191,47499,0.0,0.0,0.0,0.0,0.0
79601,89784,0.0,0.0,0.0,0.0,0.0
37532,310067,0.0,0.0,0.0,0.0,0.0
6151,12559,0.0,0.0,0.0,0.0,0.0
3571,139108,0.0,0.0,0.0,0.0,0.0
14577,63516,0.0,0.0,0.0,0.0,0.0
73988,31222,0.0,0.0,0.0,0.0,0.0
2266,76835,0.0,0.0,0.0,0.0,0.0
22349,253091,0.0,0.0,0.0,0.0,0.0
195818,196138,0.0,0.0,0.0,0.0,0.0
117538,64911,0.0,0.0,0.0,0.0,0.0
113341,58574,0.9970249163257716,0.0,0.0,0.0,0.0
136629,50901,0.0,0.0,0.0,0.0,0.0
178147,20359,0.0,0.0,0.0,0.0,0.0
383,125278,0.0,0.0,0.0,0.0,0.0
66977,90421,0.0,0.0,0.0,0.0,0.0
134063,13813,0.0,0.0,0.0,0.0,0.0
6929,257238,0.0,0.0,0.0,0.0,0.0
52413,130336,0.0,0.0,0.0,0.0,0.0
3547,43554,0.9970249163257716,0.0,0.0,0.0,0.0
67382,173673,0.9970249163257716,0.0,0.0,0.0,0.0
5516,433454,0.0,0.0,0.0,0.0,0.0
104423,13813,0.0,0.0,0.0,0.0,1.0
81602,250519,0.9970249163257716,0.0,0.0,0.0,0.0
77198,156114,0.0,0.0,0.0,0.0,0.0
10159,83677,0.0,0.0,0.0,0.0,0.0
14577,50349,0.0,0.0,0.0,0.0,0.0
40773,27180,0.0,0.0,0.0,0.0,0.0
83203,20920,0.0,0.0,0.0,0.0,0.0
10475,56584,0.0,0.0,0.0,0.0,0.0
13813,88515,0.9970249163257716,0.0,0.0,0.0,1.0
2156,168721,0.0,0.0,0.0,0.0,0.0
216,69031,0.9970249163257716,0.0,0.9998140572703608,0.9998140572703608,0.0
76845,13618,0.0,0.0,0.0,0.0,0.0
245,133401,0.0,0.0,0.0,0.0,0.0
98430,98433,1.0,0.0,1.0,1.0,0.0
58386,422115,0.0,0.0,0.0,0.0,0.0
5005,70591,0.0,0.0,0.0,0.0,0.0
4730,81498,0.0,0.0,0.0,0.0,0.0
7274,13139,0.9970249163257716,0.0,0.0,0.0,0.0
16358,90325,1.0,0.0,1.0,0.0,0.0
41114,181626,0.0,0.0,0.0,0.0,0.0
13813,22004,0.9970249163257716,0.0,0.0,0.0,0.9998140572703608
16452,27718,0.0,0.0,0.0,0.0,0.0
46448,48977,0.0,0.0,0.0,0.0,0.0
511,86520,0.9970249163257716,0.0,0.0,0.0,0.0
26175,94869,0.0,0.0,0.0,0.0,0.0
19343,254576,0.0,0.0,0.0,0.0,0.0
36063,123838,0.0,0.0,0.0,0.0,0.0
66047,5011,0.0,0.0,0.0,0.0,0.0
341871,52087,0.9970249163257716,0.0,0.0,0.0,0.0
157356,157359,0.0,0.0,0.0,0.0,0.0
252901,252899,0.0,0.0,0.0,0.0,0.0
3547,169214,0.0,0.0,0.0,0.0,0.0
47756,91435,0.0,0.0,0.0,0.0,0.0
2280,22470,0.9970249163257716,0.0,0.9998140572703608,0.9998140572703608,0.0
433454,8404,0.0,0.0,0.0,0.0,0.0
10179,13813,1.0,0.0,1.0,1.0,1.0
8005,10901,0.0,0.0,0.0,0.0,0.0
121963,26637,0.9970249163257716,0.0,0.0,0.0,0.0
36371,242531,0.0,0.0,0.0,0.0,0.0
79185,64911,0.0,0.0,0.0,0.0,0.0
7468,17136,0.0,0.0,0.0,0.0,0.0
134592,50964,0.0,0.0,0.0,0.0,0.0
383,14588,0.0,0.0,0.0,0.0,1.0
16358,63393,0.0,0.0,0.0,0.0,0.0
12281,354369,1.0,0.0,1.0,1.0,0.0
104613,124397,0.9970249163257716,0.0,0.0,0.0,0.0
120495,64911,0.9970249163257716,0.0,0.0,0.0,0.0
383,77221,0.0,0.0,0.0,0.0,0.0
54838,54852,0.9970249163257716,0.0,1.0,1.0,0.0
11103,246896,0.0,0.0,0.0,0.0,0.0
37502,223083,0.0,0.0,0.0,0.0,0.0
236596,62072,0.0,0.0,0.0,0.0,0.0
16139,16188,0.0,0.0,0.0,0.0,0.0
13813,285443,0.9970249163257716,0.0,0.0,0.0,0.9998140572703608
43701,311039,0.9970249163257716,0.0,0.0,0.0,0.0
9964,208778,0.0,0.0,0.0,0.0,0.0
349,113786,0.0,0.0,0.0,0.0,0.0
37222,14725,0.0,0.0,0.0,0.0,0.0
9903,84188,0.0,0.0,0.0,0.0,0.0
3233,73473,0.0,0.0,0.0,0.0,0.0
679,200782,0.0,0.0,0.0,0.0,0.0
2564,13813,0.0,0.0,0.0,0.0,0.9998140572703608
53306,31337,0.0,0.0,0.0,0.0,0.0
48794,56968,0.0,0.0,0.0,0.0,0.0
329256,5011,0.0,0.0,0.0,0.0,0.0
35376,312457,0.0,0.0,0.0,0.0,0.0
335,3037,0.0,0.0,0.0,0.0,0.0
27029,63360,0.0,0.0,0.0,0.0,0.0
349,166173,0.0,0.0,0.0,0.0,0.0
99743,14588,0.9970249163257716,0.0,0.0,0.0,0.0
71549,79084,0.0,0.0,0.0,0.0,0.0
2874,55935,0.0,0.0,0.0,0.0,0.0
1837,7062,0.0,0.0,0.0,0.0,0.0
4380,117221,0.9970249163257716,0.0,0.0,0.0,0.0
485,54409,0.0,0.0,0.0,0.0,0.0
36905,5566,0.0,0.0,0.0,0.0,0.0
1896,87638,0.9970249163257716,0.0,0.0,0.0,0.0
7978,78219,0.0,0.0,0.0,0.0,0.0
867,22094,0.0,0.0,0.0,0.0,0.0
20117,22794,0.0,0.0,0.0,0.0,0.0
212990,27037,0.9970249163257716,0.0,0.0,0.0,0.0
33476,136629,0.0,0.0,0.0,0.0,0.0
45909,26153,0.9970249163257716,0.0,1.0,1.0,0.0
36982,51438,0.0,0.0,0.0,0.0,0.0
1416,9932,0.9970249163257716,0.0,0.0,0.0,0.0
6948,177186,0.0,0.0,0.0,0.0,0.0
325,86066,1.0,0.0,1.0,1.0,0.0
389,11324,0.0,0.0,0.0,0.0,0.0
62408,96979,0.9970249163257716,0.0,1.0,1.0,0.0
33749,8713,0.0,0.0,0.0,0.0,0.0
4599,59310,0.9970249163257716,0.0,0.0,0.0,0.0
511,15122,1.0,0.0,1.0,1.0,0.0
144119,47266,0.0,0.0,0.0,0.0,0.0
308781,449674,0.9970249163257716,0.0,0.0,0.0,0.0
4665,42172,1.0,0.0,0.0,0.0,1.0
162402,261489,0.0,0.0,0.0,0.0,0.0
50355,21749,0.0,0.0,0.0,0.0,0.0
145501,64911,0.9970249163257716,0.0,1.0,1.0,0.0
38520,30859,0.0,0.0,0.0,0.0,0.0
14454,48112,0.0,0.0,0.0,0.0,0.0
9912,113142,0.0,0.0,0.0,0.0,0.0
2916,3166,0.0,0.0,0.0,0.0,0.0
277293,31290,0.0,0.0,0.0,0.0,0.0
213,74877,0.0,0.0,0.0,0.0,0.0
220058,319295,0.0,0.0,0.0,0.0,0.0
98798,14577,0.0,0.0,0.0,0.0,0.0
131730,50901,0.0,0.0,0.0,0.0,0.0
2374,2402,0.0,0.0,0.0,0.0,0.0
69022,294081,0.9970249163257716,0.0,0.0,0.0,0.0
349,292770,0.0,0.0,0.0,0.0,0.0
36989,27381,0.0,0.0,0.0,0.0,0.0
3603,11921,0.0,0.0,0.0,0.0,0.0
3393,145133,0.0,0.0,0.0,0.0,0.0
1896,364727,0.9970249163257716,0.0,0.0,0.0,0.0
36244,239883,0.0,0.0,0.0,0.0,0.0
2156,69643,0.0,0.0,0.0,0.0,0.0
12751,88838,1.0,0.0,1.0,0.0,0.0
206354,48232,0.0,0.0,0.0,0.0,0.0
37820,41733,0.0,0.0,0.0,0.0,0.0
265221,37532,0.0,0.0,0.0,0.0,0.0
5208,6691,0.9970249163257716,0.0,0.0,0.0,0.0
7803,114273,0.0,0.0,0.0,0.0,0.0
100607,60695,0.0,0.0,0.0,0.0,0.0
7569,419766,0.9970249163257716,0.0,0.0,0.0,0.0
7279,63082,0.0,0.0,0.0,0.0,0.0
35352,294851,0.0,0.0,0.0,0.0,0.0
179220,82825,0.0,0.0,0.0,0.0,0.0
2010,51438,0.0,0.0,0.0,0.0,0.0
7591,25091,0.0,0.0,0.0,0.0,0.0
216,17902,0.0,0.0,0.0,0.0,0.0
21718,23696,0.0,0.0,0.0,0.0,0.0
13813,276350,0.0,0.0,0.0,0.0,0.0
66871,74491,0.0,0.0,0.0,0.0,0.0
15538,28331,0.0,0.0,0.0,0.0,0.0
432444,9914,0.0,0.0,0.0,0.0,0.0
267269,64911,1.0,0.0,1.0,0.0,1.0
3443,134704,0.0,0.0,0.0,0.0,0.0
30578,196132,0.0,0.0,0.0,0.0,0.0
13813,62786,0.0,0.0,0.0,0.0,0.0
5113,172648,0.0,0.0,0.0,0.0,0.0
12243,79822,0.0,0.0,0.0,0.0,0.0
5150,17105,1.0,0.0,1.0,1.0,0.0
408667,16358,0.0,0.0,0.0,0.0,0.0
42,8757,0.9970249163257716,0.0,0.0,0.0,0.0
35144,39161,0.0,0.0,0.0,0.0,0.0
207170,31086,0.0,0.0,0.0,0.0,0.0
33476,204710,0.0,0.0,0.0,0.0,0.0
16628,117319,0.9970249163257716,0.0,1.0,1.0,0.0
14934,51461,0.0,0.0,0.0,0.0,0.0
50901,182007,0.0,0.0,0.0,0.0,0.0
463,429896,0.0,0.0,0.0,0.0,0.0
2567,158315,0.0,0.0,0.0,0.0,0.0
34282,58736,0.0,0.0,0.0,0.0,0.0
18076,88215,0.0,0.0,0.0,0.0,0.0
19880,26158,1.0,0.0,1.0,0.0,0.0
8199,8202,0.0,0.0,0.0,0.0,0.0
73812,53302,0.0,0.0,0.0,0.0,0.0
17549,223808,0.0,0.0,0.0,0.0,0.0
36854,5633,0.9970249163257716,0.0,0.0,0.0,0.0
42643,27864,0.0,0.0,0.0,0.0,0.0
1577,81829,0.0,0.0,0.0,0.0,0.0
389,12818,1.0,0.0,1.0,1.0,0.0
14731,250412,0.0,0.0,0.0,0.0,0.0
91546,95871,0.0,0.0,0.0,0.0,0.0
2288,39096,0.0,0.0,0.0,0.0,0.0
77513,90421,0.0,0.0,0.0,0.0,0.0
5226,146525,0.0,0.0,0.0,0.0,0.0
11921,15527,0.9970249163257716,0.0,0.0,0.0,0.0
57831,223808,0.0,0.0,0.0,0.0,0.0
5907,302505,0.0,0.0,0.0,0.0,0.0
13275,47241,0.9970249163257716,0.0,0.9998140572703608,0.9998140572703608,0.0
431,18702,0.0,0.0,0.0,0.0,0.0
12281,80868,1.0,0.0,1.0,1.0,0.0
349,20939,0.0,0.0,0.0,0.0,0.0
164427,4368,0.0,0.0,0.0,0.0,0.0
44954,30241,0.0,0.0,0.0,0.0,0.0
99338,2670,0.0,0.0,0.0,0.0,0.0
142958,91430,0.0,0.0,0.0,0.0,0.0
147781,25093,0.9970249163257716,0.0,0.0,0.0,0.0
12909,50412,0.0,0.0,0.0,0.0,0.0
37105,76011,0.9970249163257716,0.0,1.0,1.0,0.0
6687,16188,1.0,0.0,1.0,1.0,0.0
42172,26153,0.9970249163257716,0.0,0.0,0.0,0.0
2280,40986,0.9970249163257716,0.0,0.0,0.0,0.0
47490,21885,0.0,0.0,0.0,0.0,0.0
36854,39889,0.9970249163257716,0.0,0.0,0.0,0.0
10111,77254,0.0,0.0,0.0,0.0,0.0
6644,317318,0.9970249163257716,0.0,0.0,0.0,0.0
4,63669,0.0,0.0,0.0,0.0,0.0
14615,60167,0.9970249163257716,0.0,0.0,0.0,0.0
429775,5795,0.0,0.0,0.0,0.0,0.0
117876,62496,0.0,0.0,0.0,0.0,0.0
166257,5226,0.0,0.0,0.0,0.0,0.0
87373,64911,0.9970249163257716,0.0,0.0,0.0,1.0
90227,27800,0.0,0.0,0.0,0.0,0.0
316667,31534,0.0,0.0,0.0,0.0,0.0
112424,22339,0.9970249163257716,0.0,1.0,1.0,0.0
243149,62530,0.9970249163257716,0.0,1.0,1.0,0.0
202130,31957,0.0,0.0,0.0,0.0,0.0
13813,56579,0.0,0.0,0.0,0.0,0.0
76142,18431,0.9970249163257716,0.0,0.0,0.0,0.0
13813,81563,0.0,0.0,0.0,0.0,0.0
389,11320,0.9970249163257716,0.0,0.0,0.0,0.0
16585,64911,0.0,0.0,0.0,0.0,0.0
4317,123077,0.9970249163257716,0.0,0.9998140572703608,0.9998140572703608,0.0
35652,8391,0.0,0.0,0.0,0.0,0.0
100512,14577,0.9970249163257716,0.0,0.0,0.0,0.0
30521,63931,0.0,0.0,0.0,0.0,0.0
489,396958,0.0,0.0,0.0,0.0,0.0
8385,10287,0.0,0.0,0.0,0.0,0.0
299216,243650,0.0,0.0,0.0,0.0,0.0
1896,18431,1.0,0.0,1.0,1.0,1.0
6264,43628,0.0,0.0,0.0,0.0,0.0
58051,58074,0.0,0.0,0.0,0.0,0.0
218218,228011,0.0,0.0,0.0,0.0,0.0
234975,8903,0.0,0.0,0.0,0.0,0.0
5208,10340,0.9970249163257716,0.0,0.0,0.0,0.0
80696,61001,0.0,0.0,0.0,0.0,0.0
53696,27029,0.0,0.0,0.0,0.0,0.0
92886,64906,0.9970249163257716,0.0,0.0,0.0,0.0
234351,5907,0.0,0.0,0.0,0.0,0.0
13813,80440,0.0,0.0,0.0,0.0,0.0
68946,92295,0.0,0.0,0.0,0.0,0.0
349,94719,0.0,0.0,0.0,0.0,1.0
4794,85611,0.0,0.0,0.0,0.0,0.0
349,25907,0.0,0.0,0.0,0.0,1.0
42643,27823,0.9970249163257716,0.0,0.0,0.0,0.0
4599,74878,0.9970249163257716,0.0,0.0,0.0,0.0
216,309612,0.0,0.0,0.0,0.0,0.0
47199,51613,0.0,0.0,0.0,0.0,0.0
12937,96096,0.9970249163257716,0.0,0.0,0.0,0.0
5226,160115,0.0,0.0,0.0,0.0,0.0
440554,126091,0.0,0.0,0.0,0.0,0.0
6150,171148,0.0,0.0,0.0,0.0,0.0
383,17621,0.0,0.0,0.0,0.0,0.0
12559,47506,0.0,0.0,0.0,0.0,0.0
43356,43725,0.0,0.0,0.0,0.0,0.0
275885,58574,0.9970249163257716,0.0,1.0,1.0,0.0
94023,64772,0.0,0.0,0.0,0.0,0.0
98472,8903,0.0,0.0,0.0,0.0,0.0
815,93249,0.0,0.0,0.0,0.0,0.0
173322,93009,0.0,0.0,0.0,0.0,0.0
6643,6688,0.9970249163257716,0.0,0.0,0.0,0.0
2994,136565,0.0,0.0,0.0,0.0,0.0
395917,11921,0.9970249163257716,0.0,0.0,0.0,0.0
2156,450936,0.0,0.0,0.0,0.0,0.0
14075,20968,0.0,0.0,0.0,0.0,0.0
1056,8184,0.0,0.0,0.0,0.0,0.0
241376,13813,0.0,0.0,0.0,0.0,0.0
78346,18536,0.0,0.0,0.0,0.0,0.0
580,29805,1.0,0.0,1.0,1.0,0.0
5226,202703,0.0,0.0,0.0,0.0,0.0
67204,12342,0.0,0.0,0.0,0.0,0.0
18431,27311,0.9970249163257716,0.0,0.0,0.0,0.0
4734,18873,0.0,0.0,0.0,0.0,0.0
15214,23318,0.0,0.0,0.0,0.0,0.0
13813,257131,0.9970249163257716,0.0,0.0,0.0,0.9998140572703608
6017,6418,0.0,0.0,0.0,0.0,0.0
136111,62425,0.0,0.0,0.0,0.0,0.0
5226,39566,0.0,0.0,0.0,0.0,0.0
36989,5193,0.9970249163257716,0.0,0.0,0.0,0.0
144166,19150,0.0,0.0,0.0,0.0,0.0
81422,25855,0.0,0.0,0.0,0.0,0.0
2156,93339,0.0,0.0,0.0,0.0,0.0
21062,324727,0.0,0.0,0.0,0.0,0.0
322,111709,0.0,0.0,0.0,0.0,0.0
5247,54288,0.0,0.0,0.0,0.0,0.0
8850,64911,0.9970249163257716,0.0,0.0,0.0,0.0
17175,151381,0.9970249163257716,0.0,0.0,0.0,0.0
6669,13854,0.0,0.0,0.0,0.0,0.0
108736,13813,0.0,0.0,0.0,0.0,0.9998140572703608
13275,47272,0.9970249163257716,0.0,1.0,1.0,0.0
6645,6658,0.0,0.0,0.0,0.0,0.0
2374,48977,0.0,0.0,0.0,0.0,0.0
2010,45245,0.0,0.0,0.0,0.0,0.0
77616,23761,0.0,0.0,0.0,0.0,0.0
118550,27029,0.0,0.0,0.0,0.0,0.0
74895,27800,0.0,0.0,0.0,0.0,0.0
10111,77260,0.0,0.0,0.0,0.0,0.0
216,35776,0.0,0.0,0.0,0.0,0.0
94869,64911,0.0,0.0,0.0,0.0,0.0
6687,95846,0.9970249163257716,0.0,0.0,0.0,0.0
38290,53508,0.9970249163257716,0.0,0.0,0.0,0.0
13813,113305,0.0,0.0,0.0,0.0,0.0
198282,1880,0.0,0.0,0.0,0.0,0.0
82988,93951,0.9970249163257716,0.0,0.0,0.0,0.0
76348,13141,0.0,0.0,0.0,0.0,0.0
115497,23769,0.0,0.0,0.0,0.0,0.0
35376,50341,0.9970249163257716,0.0,0.0,0.0,0.0
46803,183504,0.0,0.0,0.0,0.0,0.0
152360,188032,0.0,0.0,0.0,0.0,0.0
68206,11991,0.0,0.0,0.0,0.0,0.0
349,80940,0.0,0.0,0.0,0.0,0.0
272,113358,0.0,0.0,0.0,0.0,0.0
11792,60555,0.0,0.0,0.0,0.0,0.0
4993,22764,0.9970249163257716,0.0,1.0,1.0,0.0
14588,53606,0.9970249163257716,0.0,0.0,0.0,0.0
17467,59177,0.0,0.0,0.0,0.0,0.0
16188,93330,0.0,0.0,0.0,0.0,0.0
108538,52087,0.9970249163257716,0.0,0.0,0.0,0.0
5193,160115,0.0,0.0,0.0,0.0,0.0
56453,28681,0.0,0.0,0.0,0.0,0.0
432466,9740,0.0,0.0,0.0,0.0,0.0
42736,117436,0.9970249163257716,0.0,0.0,0.0,0.0
4309,136550,0.0,0.0,0.0,0.0,0.0
37053,37057,1.0,0.0,1.0,1.0,0.0
199578,14577,0.0,0.0,0.0,0.0,0.0
102591,117478,0.0,0.0,0.0,0.0,0.0
302985,24224,0.0,0.0,0.0,0.0,0.0
2175,64494,0.0,0.0,0.0,0.0,0.0
33442,79724,0.0,0.0,0.0,0.0,0.0
42172,14567,0.0,0.0,0.0,0.0,0.0
47794,319571,0.0,0.0,0.0,0.0,0.0
349,173809,0.0,0.0,0.0,0.0,0.0
396,106635,0.0,0.0,0.0,0.0,0.0
49788,18431,0.0,0.0,0.0,0.0,0.0
189345,28476,0.0,0.0,0.0,0.0,0.0
79164,54808,0.9970249163257716,0.0,0.0,0.0,0.0
679,7087,0.0,0.0,0.0,0.0,0.0
679,39666,0.0,0.0,0.0,0.0,0.0
55118,25117,0.0,0.0,0.0,0.0,0.0
170063,303541,0.0,0.0,0.0,0.0,0.0
167909,107347,0.0,0.0,0.0,0.0,0.0
3369,138089,0.9970249163257716,0.0,1.0,1.0,0.0
40780,32564,0.0,0.0,0.0,0.0,0.0
4543,4570,0.0,0.0,0.0,0.0,0.0
46445,15251,0.0,0.0,0.0,0.0,0.0
93502,161570,1.0,0.0,1.0,1.0,0.0
199677,6693,0.0,0.0,0.0,0.0,0.0
18076,51334,0.0,0.0,0.0,0.0,0.0
169754,30075,0.0,0.0,0.0,0.0,0.0
102938,11852,0.0,0.0,0.0,0.0,0.0
69891,61550,0.0,0.0,0.0,0.0,0.0
100162,11921,1.0,0.0,0.0,0.0,0.0
62514,260079,0.0,0.0,0.0,0.0,0.0
23569,97923,0.0,0.0,0.0,0.0,0.0
18759,60337,0.0,0.0,0.0,0.0,0.0
168598,9964,0.0,0.0,0.0,0.0,0.0
35376,103293,0.0,0.0,0.0,0.0,0.0
138058,14615,0.0,0.0,0.0,0.0,0.0
35382,27036,0.0,0.0,0.0,0.0,0.0
4720,25258,0.0,0.0,0.0,0.0,0.0
6652,203883,0.0,0.0,0.0,0.0,0.0
39001,11141,0.0,0.0,0.0,0.0,0.0
15702,89802,0.0,0.0,0.0,0.0,0.0
2010,137967,0.0,0.0,0.0,0.0,0.0
94218,65115,0.9970249163257716,0.0,0.0,0.0,0.0
449337,61479,0.0,0.0,0.0,0.0,0.0
109721,45302,0.0,0.0,0.0,0.0,0.0
4994,83297,0.0,0.0,0.0,0.0,0.0
36854,87908,0.9970249163257716,0.0,1.0,1.0,0.0
352290,27037,0.0,0.0,0.0,0.0,0.0
383,10214,0.0,0.0,0.0,0.0,0.0
383,27492,0.0,0.0,0.0,0.0,0.0
250723,322774,0.9970249163257716,0.0,1.0,1.0,0.0
5011,73227,0.0,0.0,0.0,0.0,0.0
49741,50265,1.0,0.0,1.0,0.0,0.0
13813,349449,0.0,0.0,0.0,0.0,0.0
36989,109532,0.9970249163257716,0.0,0.0,0.0,0.0
39511,63271,0.0,0.0,0.0,0.0,0.0
39096,6695,0.0,0.0,0.0,0.0,0.0
119972,321503,0.0,0.0,0.0,0.0,0.0
14674,16527,0.0,0.0,0.0,0.0,0.0
5479,433454,0.0,0.0,0.0,0.0,0.0
4665,51438,0.0,0.0,0.0,0.0,0.0
10475,124352,0.0,0.0,0.0,0.0,0.0
89573,58574,0.0,0.0,0.0,0.0,0.0
46754,147804,0.9970249163257716,0.0,0.9998140572703608,0.9998140572703608,0.0
13813,94719,0.9970249163257716,0.0,0.0,0.0,1.0
73461,172634,0.0,0.0,0.0,0.0,0.0
75493,27029,0.0,0.0,0.0,0.0,0.0
8077,447704,0.9970249163257716,0.0,0.0,0.0,0.0
12342,64911,1.0,0.0,1.0,0.0,1.0
214683,121505,0.0,0.0,0.0,0.0,0.0
36025,111398,0.9970249163257716,0.0,0.9998140572703608,0.9998140572703608,0.0
1603,144038,0.9970249163257716,0.0,1.0,1.0,0.0
9903,158227,0.9970249163257716,0.0,0.0,0.0,0.0
88414,128500,0.0,0.0,0.0,0.0,0.0
216,80944,0.0,0.0,0.0,0.0,0.0
387981,31957,0.0,0.0,0.0,0.0,0.0
233885,404308,0.0,0.0,0.0,0.0,0.0
396,223083,0.0,0.0,0.0,0.0,0.0
349,2817,0.0,0.0,0.0,0.0,0.0
4378,91627,0.0,0.0,0.0,0.0,0.0
4734,91840,0.0,0.0,0.0,0.0,0.0
98734,43597,0.0,0.0,0.0,0.0,0.0
14454,190772,0.0,0.0,0.0,0.0,0.0
317,211597,0.0,0.0,0.0,0.0,0.0
10277,12751,0.0,0.0,0.0,0.0,0.0
383,51313,0.0,0.0,0.0,0.0,0.0
25934,26478,0.0,0.0,0.0,0.0,0.0
6679,322774,0.9970249163257716,0.0,1.0,1.0,0.0
7067,26637,1.0,0.0,1.0,1.0,0.0
116863,90421,0.0,0.0,0.0,0.0,0.0
5317,13813,0.0,0.0,0.0,0.0,0.0
50901,26158,0.9970249163257716,0.0,0.0,0.0,1.0
679,30069,0.0,0.0,0.0,0.0,0.0
12276,275690,0.0,0.0,0.0,0.0,0.0
42,13163,0.0,0.0,0.0,0.0,0.0
5226,56638,0.9970249163257716,0.0,0.0,0.0,1.0
333518,55965,0.9970249163257716,0.0,0.0,0.0,0.0
73067,50097,0.0,0.0,0.0,0.0,0.0
60032,28067,0.0,0.0,0.0,0.0,0.0
222,63049,0.0,0.0,0.0,0.0,0.0
7254,24974,0.0,0.0,0.0,0.0,0.0
133418,114224,0.0,0.0,0.0,0.0,0.0
10111,221484,0.0,0.0,0.0,0.0,0.0
230569,180727,0.9970249163257716,0.0,1.0,1.0,0.0
35729,64911,1.0,0.0,1.0,1.0,1.0
451011,58574,0.9970249163257716,0.0,0.0,0.0,0.0
102482,16358,0.9970249163257716,0.0,0.0,0.0,0.0
98861,59424,0.0,0.0,0.0,0.0,0.0
8417,317318,0.9970249163257716,0.0,0.0,0.0,0.0
349,53965,0.0,0.0,0.0,0.0,0.0
17109,220557,0.0,0.0,0.0,0.0,0.0
140218,414409,0.0,0.0,0.0,0.0,0.0
73917,22990,0.0,0.0,0.0,0.0,0.0
5185,5214,0.0,0.0,0.0,0.0,0.0
106522,14577,0.0,0.0,0.0,0.0,0.0
48142,129824,0.0,0.0,0.0,0.0,0.0
383,99395,0.0,0.0,0.0,0.0,0.0
6948,61563,0.9970249163257716,0.0,1.0,1.0,0.0
3369,250519,0.9970249163257716,0.0,0.0,0.0,0.0
14577,145697,0.0,0.0,0.0,0.0,0.0
12493,150635,0.9970249163257716,0.0,0.0,0.0,0.0
325,4285,0.9970249163257716,0.0,0.0,0.0,0.0
273500,14729,0.9970249163257716,0.0,0.0,0.0,0.0
383,68343,0.0,0.0,0.0,0.0,0.0
383,321233,0.0,0.0,0.0,0.0,0.0
511,13139,1.0,0.0,1.0,1.0,0.0
107347,45481,0.0,0.0,0.0,0.0,0.0
4309,16017,0.0,0.0,0.0,0.0,0.0
66062,126091,0.0,0.0,0.0,0.0,0.0
339217,13813,0.0,0.0,0.0,0.0,0.0
138603,47631,0.9970249163257716,0.0,0.0,0.0,0.0
49129,27800,0.9970249163257716,0.0,1.0,1.0,0.0
429731,14124,0.0,0.0,0.0,0.0,0.0
133401,26684,0.0,0.0,0.0,0.0,0.0
70144,8398,0.0,0.0,0.0,0.0,0.0
189350,28476,0.0,0.0,0.0,0.0,0.0
35845,10033,0.0,0.0,0.0,0.0,0.0
204837,14725,0.0,0.0,0.0,0.0,0.0
282756,282758,0.9970249163257716,0.0,1.0,1.0,0.0
98424,193543,1.0,0.0,1.0,1.0,0.0
2670,11337,0.0,0.0,0.0,0.0,0.0
3300,71277,0.0,0.0,0.0,0.0,0.0
104474,175510,0.0,0.0,0.0,0.0,0.0
14875,14889,0.0,0.0,0.0,0.0,0.0
8410,13620,0.0,0.0,0.0,0.0,0.0
67246,69581,0.0,0.0,0.0,0.0,0.0
35248,16358,0.0,0.0,0.0,0.0,1.0
66492,153618,0.9970249163257716,0.0,0.0,0.0,0.0
383,167518,0.0,0.0,0.0,0.0,0.0
10741,52087,0.0,0.0,0.0,0.0,0.0
46658,20265,0.0,0.0,0.0,0.0,0.0
265316,26677,0.0,0.0,0.0,0.0,0.0
101956,13813,0.0,0.0,0.0,0.0,0.9998140572703608
133434,93313,0.0,0.0,0.0,0.0,0.0
33476,359808,0.0,0.0,0.0,0.0,0.0
2175,54258,0.0,0.0,0.0,0.0,0.0
329706,77624,0.0,0.0,0.0,0.0,0.0
102576,13813,0.0,0.0,0.0,0.0,0.0
317,421847,0.0,0.0,0.0,0.0,0.0
77177,77179,1.0,0.0,1.0,0.0,0.0
50901,154111,0.0,0.0,0.0,0.0,0.0
223321,223324,1.0,0.0,1.0,1.0,0.0
4570,31436,0.0,0.0,0.0,0.0,0.0
435332,27029,0.0,0.0,0.0,0.0,0.0
4665,49075,1.0,0.0,0.0,0.0,0.0
32972,51684,0.0,0.0,0.0,0.0,0.0
13813,314122,0.0,0.0,0.0,0.0,1.0
104651,6963,0.0,0.0,0.0,0.0,0.0
42354,93138,0.0,0.0,0.0,0.0,0.0
14588,258902,0.0,0.0,0.0,0.0,0.0
148702,121217,0.0,0.0,0.0,0.0,0.0
69851,37502,0.9970249163257716,0.0,1.0,1.0,0.0
37532,88515,0.9970249163257716,0.0,0.0,0.0,0.0
511,130899,0.0,0.0,0.0,0.0,0.0
104201,8468,0.0,0.0,0.0,0.0,0.0
99728,35376,0.9970249163257716,0.0,0.0,0.0,0.0
5193,94719,0.0,0.0,0.0,0.0,0.0
120347,27657,0.0,0.0,0.0,0.0,0.0
5483,19299,0.9970249163257716,0.0,1.0,1.0,0.0
168586,64911,0.0,0.0,0.0,0.0,0.0
1270,21190,0.0,0.0,0.0,0.0,0.0
76596,16120,0.0,0.0,0.0,0.0,0.0
132625,149327,0.0,0.0,0.0,0.0,0.0
6273,39782,0.0,0.0,0.0,0.0,0.0
32997,10309,0.0,0.0,0.0,0.0,0.0
15,325281,0.0,0.0,0.0,0.0,0.0
49180,95063,0.0,0.0,0.0,0.0,0.0
396,8217,0.0,0.0,0.0,0.0,0.0
74125,246378,0.9970249163257716,0.0,0.9998140572703608,0.9998140572703608,0.0
39673,40407,0.9970249163257716,0.0,0.9998140572703608,0.9998140572703608,0.0
161961,161964,0.0,0.0,0.0,0.0,0.0
973,170981,0.0,0.0,0.0,0.0,0.0
2670,190881,0.0,0.0,0.0,0.0,0.0
316,19714,0.9970249163257716,0.0,0.0,0.0,0.0
21659,124455,0.0,0.0,0.0,0.0,0.0
200782,11921,1.0,0.0,1.0,1.0,0.0
71585,53477,0.9970249163257716,0.0,0.0,0.0,0.0
41152,82036,0.0,0.0,0.0,0.0,0.0
3533,16140,1.0,0.0,1.0,1.0,0.0
11660,60112,0.0,0.0,0.0,0.0,0.0
337861,30231,0.0,0.0,0.0,0.0,0.0
92153,92173,0.0,0.0,0.0,0.0,0.0
83706,55567,0.0,0.0,0.0,0.0,0.0
5193,187738,0.0,0.0,0.0,0.0,0.0
383,67163,0.0,0.0,0.0,0.0,0.0
6948,368899,0.0,0.0,0.0,0.0,0.0
8903,58208,0.0,0.0,0.0,0.0,0.0
7151,7171,1.0,0.0,1.0,1.0,0.0
1881,25907,0.0,0.0,0.0,0.0,0.0
116474,162446,0.0,0.0,0.0,0.0,0.0
317,139311,0.0,0.0,0.0,0.0,0.0
190258,63307,0.0,0.0,0.0,0.0,0.0
71619,28476,0.0,0.0,0.0,0.0,0.0
35729,265670,0.0,0.0,0.0,0.0,0.0
26352,63290,0.0,0.0,0.0,0.0,0.0
11792,89467,0.0,0.0,0.0,0.0,0.0
5193,158932,0.0,0.0,0.0,0.0,0.0
433454,85158,0.9970249163257716,0.0,0.0,0.0,0.0
42173,49451,0.0,0.0,0.0,0.0,0.0
16358,50275,0.9970249163257716,0.0,0.0,0.0,0.0
50901,50935,0.9970249163257716,0.0,0.0,0.0,0.0
4069,4084,0.9970249163257716,0.0,0.9998140572703608,0.9998140572703608,0.0
90990,63765,0.0,0.0,0.0,0.0,0.0
20128,94386,0.0,0.0,0.0,0.0,0.0
57022,26677,0.0,0.0,0.0,0.0,0.0
165904,35248,0.0,0.0,0.0,0.0,0.0
3571,250087,0.0,0.0,0.0,0.0,0.0
4921,22470,0.0,0.0,0.0,0.0,0.0
1270,2421,0.0,0.0,0.0,0.0,0.0
69127,8835,0.0,0.0,0.0,0.0,0.0
6948,322332,0.0,0.0,0.0,0.0,0.0
51752,322232,0.0,0.0,0.0,0.0,0.0
77916,14201,0.0,0.0,0.0,0.0,0.0
24335,90258,0.0,0.0,0.0,0.0,0.0
383,436073,0.0,0.0,0.0,0.0,0.0
10179,158227,0.9970249163257716,0.0,0.0,0.0,0.0
65669,64919,0.0,0.0,0.0,0.0,0.0
12818,16502,0.9970249163257716,0.0,0.0,0.0,0.0
19282,97566,0.0,0.0,0.0,0.0,0.0
6,279779,0.0,0.0,0.0,0.0,0.0
13813,51181,0.9970249163257716,0.0,1.0,1.0,1.0
6666,121477,0.0,0.0,0.0,0.0,0.0
105493,90463,0.9970249163257716,0.0,0.0,0.0,0.0
184606,28476,0.0,0.0,0.0,0.0,0.0
12224,315890,0.0,0.0,0.0,0.0,0.0
102783,106658,0.0,0.0,0.0,0.0,0.0
56968,95881,0.9970249163257716,0.0,0.0,0.0,0.0
71061,65097,0.9970249163257716,0.0,1.0,1.0,0.0
367410,12751,0.9970249163257716,0.0,0.0,0.0,0.0
40765,248917,0.0,0.0,0.0,0.0,0.0
68307,71339,0.0,0.0,0.0,0.0,0.0
10033,97573,0.0,0.0,0.0,0.0,0.0
109652,13813,0.0,0.0,0.0,0.0,0.9998140572703608
20231,22797,1.0,0.0,1.0,1.0,0.0
213,401646,0.0,0.0,0.0,0.0,0.0
133812,6683,0.0,0.0,0.0,0.0,0.0
52891,52913,0.0,0.0,0.0,0.0,0.0
262813,8942,0.0,0.0,0.0,0.0,0.0
6517,6520,0.0,0.0,0.0,0.0,0.0
33397,189661,0.0,0.0,0.0,0.0,0.0
3308,77391,0.9970249163257716,0.0,1.0,1.0,0.0
46448,46471,0.9970249163257716,0.0,1.0,1.0,0.0
86501,23095,0.0,0.0,0.0,0.0,0.0
241098,17109,0.0,0.0,0.0,0.0,0.0
47631,379631,0.9970249163257716,0.0,0.0,0.0,0.0
54250,22051,0.9970249163257716,0.0,0.0,0.0,0.0
383,316278,0.0,0.0,0.0,0.0,0.0
216,171054,0.0,0.0,0.0,0.0,0.0
69787,70550,0.0,0.0,0.0,0.0,0.0
67382,212454,0.0,0.0,0.0,0.0,0.0
427152,427153,0.9970249163257716,0.0,1.0,1.0,0.0
236596,10987,0.9970249163257716,0.0,1.0,1.0,0.0
176063,126459,0.9970249163257716,0.0,0.9998140572703608,0.9998140572703608,0.0
42172,78220,0.9970249163257716,0.0,0.0,0.0,0.0
204758,261885,0.0,0.0,0.0,0.0,0.0
1483,77616,0.0,0.0,0.0,0.0,0.0
3359,42354,0.9970249163257716,0.0,0.0,0.0,0.0
45,7789,0.0,0.0,0.0,0.0,0.0
54712,24227,0.0,0.0,0.0,0.0,0.0
34555,2941,0.0,0.0,0.0,0.0,0.0
56229,220557,0.0,0.0,0.0,0.0,0.0
35980,136669,0.0,0.0,0.0,0.0,0.0
40886,142147,0.0,0.0,0.0,0.0,0.0
5208,77177,1.0,0.0,1.0,0.0,0.0
39841,8511,0.0,0.0,0.0,0.0,0.0
35731,12505,1.0,0.0,1.0,1.0,0.0
35457,6971,0.0,0.0,0.0,0.0,0.0
207165,28476,0.0,0.0,0.0,0.0,0.0
2696,372017,0.0,0.0,0.0,0.0,0.0
353461,26175,0.0,0.0,0.0,0.0,0.0
36854,120571,0.9970249163257716,0.0,1.0,1.0,0.0
237206,59945,0.0,0.0,0.0,0.0,0.0
7604,16358,0.0,0.0,0.0,0.0,0.0
35738,14615,0.9970249163257716,0.0,0.0,0.0,0.0
12965,52936,0.0,0.0,0.0,0.0,0.0
199696,47499,0.0,0.0,0.0,0.0,0.0
67382,68206,0.9970249163257716,0.0,0.0,0.0,0.0
213,41561,0.9970249163257716,0.0,0.0,0.0,0.0
15122,85738,0.9970249163257716,0.0,0.0,0.0,0.0
126458,32445,0.0,0.0,0.0,0.0,0.0
335,132649,0.0,0.0,0.0,0.0,0.0
38238,29168,0.0,0.0,0.0,0.0,0.0
213,15527,0.9970249163257716,0.0,0.0,0.0,0.0
130815,130814,0.0,0.0,0.0,0.0,0.0
208183,87270,0.9970249163257716,0.0,0.0,0.0,0.0
267269,6373,0.0,0.0,0.0,0.0,0.0
43554,50229,0.0,0.0,0.0,0.0,0.0
37502,91294,0.0,0.0,0.0,0.0,0.0
39102,94023,0.0,0.0,0.0,0.0,0.0
511,103519,0.0,0.0,0.0,0.0,0.0
11991,26158,1.0,0.0,0.0,0.0,1.0
12281,80872,0.0,0.0,0.0,0.0,0.0
14886,80749,0.0,0.0,0.0,0.0,0.0
47499,47517,1.0,0.0,1.0,1.0,0.0
5226,13778,1.0,0.0,1.0,1.0,1.0
12698,279133,0.0,0.0,0.0,0.0,0.0
11852,32382,0.9970249163257716,0.0,1.0,1.0,0.0
165693,3547,0.0,0.0,0.0,0.0,0.0
2247,23713,0.0,0.0,0.0,0.0,0.0
170600,10253,0.0,0.0,0.0,0.0,0.0
67382,26153,1.0,0.0,1.0,1.0,1.0
71336,13813,0.9970249163257716,0.0,0.0,0.0,0.9998140572703608
1880,170689,0.9970249163257716,0.0,0.0,0.0,0.0
6952,7590,0.0,0.0,0.0,0.0,0.0
349,253928,0.0,0.0,0.0,0.0,0.0
35376,50349,1.0,0.0,0.0,0.0,0.0
133748,37443,0.0,0.0,0.0,0.0,0.0
133705,3138,0.0,0.0,0.0,0.0,0.0
6693,93341,0.0,0.0,0.0,0.0,0.0
24033,28476,0.9970249163257716,0.0,0.0,0.0,0.0
67382,41285,0.0,0.0,0.0,0.0,0.0
3443,213215,0.0,0.0,0.0,0.0,0.0
74363,9188,0.0,0.0,0.0,0.0,0.0
236596,224460,0.9970249163257716,0.0,1.0,1.0,0.0
73099,45605,0.9970249163257716,0.0,0.0,0.0,0.0
17175,150338,0.0,0.0,0.0,0.0,0.0
492,35729,0.9970249163257716,0.0,0.0,0.0,1.0
188744,62940,0.0,0.0,0.0,0.0,0.0
200415,19343,0.0,0.0,0.0,0.0,0.0
7962,239363,0.9970249163257716,0.0,1.0,1.0,0.0
74046,80319,0.0,0.0,0.0,0.0,0.0
295412,14714,0.0,0.0,0.0,0.0,0.0
44467,18036,0.9970249163257716,0.0,0.0,0.0,0.0
11339,179789,0.0,0.0,0.0,0.0,0.0
304538,12265,0.0,0.0,0.0,0.0,0.0
35376,50328,0.9970249163257716,0.0,0.0,0.0,0.0
349,29135,0.0,0.0,0.0,0.0,0.0
53965,23318,0.0,0.0,0.0,0.0,0.0
35248,28476,1.0,0.0,1.0,1.0,1.0
104303,7149,0.0,0.0,0.0,0.0,0.0
112617,30831,0.0,0.0,0.0,0.0,0.0
100214,136493,0.0,0.0,0.0,0.0,0.0
132751,2274,0.0,0.0,0.0,0.0,0.0
37053,138611,1.0,0.0,1.0,1.0,0.0
165693,17527,0.0,0.0,0.0,0.0,0.0
75187,53477,0.0,0.0,0.0,0.0,0.0
137387,23569,0.0,0.0,0.0,0.0,0.0
257131,64911,0.9970249163257716,0.0,0.0,0.0,0.0
14577,32498,0.9970249163257716,0.0,1.0,1.0,0.0
5516,141628,0.0,0.0,0.0,0.0,0.0
5226,10853,0.9970249163257716,0.0,0.0,0.0,1.0
10111,77179,1.0,0.0,1.0,1.0,0.0
73476,41854,0.0,0.0,0.0,0.0,0.0
8757,58961,1.0,0.0,0.0,0.0,0.0
4,130024,0.0,0.0,0.0,0.0,0.0
234893,13813,0.0,0.0,0.0,0.0,0.0
5226,94002,0.0,0.0,0.0,0.0,0.0
3629,18431,0.0,0.0,0.0,0.0,0.0
248,38724,0.0,0.0,0.0,0.0,0.0
8005,145836,0.9970249163257716,0.0,1.0,1.0,0.0
36660,80009,0.0,0.0,0.0,0.0,0.0
18536,54772,0.0,0.0,0.0,0.0,0.0
104768,13813,0.9970249163257716,0.0,0.0,0.0,1.0
6418,54920,0.0,0.0,0.0,0.0,0.0
3571,53670,0.0,0.0,0.0,0.0,0.0
18431,91840,0.9970249163257716,0.0,0.0,0.0,0.0
43701,185190,0.9970249163257716,0.0,0.0,0.0,0.0
11752,25934,0.0,0.0,0.0,0.0,0.0
236480,7269,0.0,0.0,0.0,0.0,0.0
67374,80358,0.0,0.0,0.0,0.0,0.0
13813,282758,0.0,0.0,0.0,0.0,1.0
5980,15794,0.0,0.0,0.0,0.0,0.0
135239,5795,0.0,0.0,0.0,0.0,0.0
349,53939,0.0,0.0,0.0,0.0,0.0
48233,125489,0.0,0.0,0.0,0.0,0.0
66490,44019,0.0,0.0,0.0,0.0,0.0
80429,49741,1.0,0.0,1.0,1.0,0.0
11953,21517,0.9970249163257716,0.0,0.0,0.0,0.0
91115,97700,0.9970249163257716,0.0,1.0,1.0,0.0
51,78219,0.0,0.0,0.0,0.0,0.0
8786,31602,0.9970249163257716,0.0,1.0,1.0,0.0
47499,130622,0.0,0.0,0.0,0.0,0.0
13813,388737,0.0,0.0,0.0,0.0,1.0
135355,6644,0.9970249163257716,0.0,0.0,0.0,0.0
9091,11071,0.0,0.0,0.0,0.0,0.0
43,68498,0.0,0.0,0.0,0.0,0.0
349,33387,0.0,0.0,0.0,0.0,0.0
365,6405,0.0,0.0,0.0,0.0,0.0
244592,294451,0.0,0.0,0.0,0.0,0.0
5192,90243,0.0,0.0,0.0,0.0,0.0
6677,258985,0.0,0.0,0.0,0.0,0.0
35376,111728,0.0,0.0,0.0,0.0,0.0
511,2374,0.0,0.0,0.0,0.0,0.0
13813,188384,0.9970249163257716,0.0,0.0,0.0,0.9998140572703608
216,85122,0.0,0.0,0.0,0.0,0.0
210369,49716,0.0,0.0,0.0,0.0,0.0
9025,49159,0.0,0.0,0.0,0.0,0.0
5005,25258,0.0,0.0,0.0,0.0,0.0
37532,187738,0.9970249163257716,0.0,0.0,0.0,0.0
121801,28476,0.0,0.0,0.0,0.0,0.0
40006,85736,0.0,0.0,0.0,0.0,0.0
70037,16017,0.0,0.0,0.0,0.0,0.0
36889,114273,0.0,0.0,0.0,0.0,0.0
98992,88801,1.0,0.0,1.0,0.0,0.0
180277,54486,0.0,0.0,0.0,0.0,0.0
1880,50191,0.0,0.0,0.0,0.0,0.0
27029,322484,0.0,0.0,0.0,0.0,0.0
3571,75235,0.0,0.0,0.0,0.0,0.0
44467,18040,0.9970249163257716,0.0,0.9998140572703608,0.9998140572703608,0.0
34802,35509,0.0,0.0,0.0,0.0,0.0
286844,26677,0.0,0.0,0.0,0.0,0.0
73152,49090,0.0,0.0,0.0,0.0,0.0
65554,50901,0.9970249163257716,0.0,0.0,0.0,0.0
36786,12672,1.0,0.0,0.0,0.0,0.0
35144,31585,0.0,0.0,0.0,0.0,0.0
35352,58032,0.0,0.0,0.0,0.0,0.0
14567,50901,1.0,0.0,1.0,1.0,0.0
12223,28802,0.0,0.0,0.0,0.0,0.0
10179,30069,0.0,0.0,0.0,0.0,0.0
104646,19150,0.0,0.0,0.0,0.0,0.0
14454,85276,0.0,0.0,0.0,0.0,0.0
35509,35512,0.9970249163257716,0.0,0.0,0.0,0.0
5907,109676,0.0,0.0,0.0,0.0,0.0
22470,56303,0.0,0.0,0.0,0.0,0.0
227350,162402,0.0,0.0,0.0,0.0,0.0
104768,54258,0.0,0.0,0.0,0.0,0.0
75955,14075,0.0,0.0,0.0,0.0,0.0
77551,14650,0.0,0.0,0.0,0.0,0.0
27311,195533,0.0,0.0,0.0,0.0,0.0
178,36973,0.0,0.0,0.0,0.0,0.0
39959,22849,1.0,0.0,1.0,0.0,0.0
492,43347,0.0,0.0,0.0,0.0,0.0
549,39464,0.0,0.0,0.0,0.0,0.0
139269,18641,0.0,0.0,0.0,0.0,0.0
42354,150743,0.0,0.0,0.0,0.0,0.0
383,61601,0.0,0.0,0.0,0.0,0.0
180126,97189,0.0,0.0,0.0,0.0,0.0
2266,258985,0.0,0.0,0.0,0.0,0.0
169657,46058,0.0,0.0,0.0,0.0,0.0
7801,12081,0.0,0.0,0.0,0.0,0.0
8751,8767,0.0,0.0,0.0,0.0,0.0
139108,46803,0.0,0.0,0.0,0.0,0.0
15496,94208,0.0,0.0,0.0,0.0,0.0
38960,337809,0.0,0.0,0.0,0.0,0.0
143,99565,0.0,0.0,0.0,0.0,0.0
329158,67382,0.0,0.0,0.0,0.0,0.0
374,77969,0.0,0.0,0.0,0.0,0.0
11953,438699,0.9970249163257716,0.0,0.0,0.0,0.0
349,291184,0.0,0.0,0.0,0.0,0.0
8942,220962,0.0,0.0,0.0,0.0,0.0
105143,9021,0.0,0.0,0.0,0.0,0.0
41118,126884,0.0,0.0,0.0,0.0,0.0
41725,187705,0.9970249163257716,0.0,0.0,0.0,0.0
82712,225336,0.0,0.0,0.0,0.0,0.0
67382,2280,0.0,0.0,0.0,0.0,1.0
72201,6713,0.0,0.0,0.0,0.0,0.0
13813,25645,0.9970249163257716,0.0,0.0,0.0,0.9998140572703608
412080,53408,0.0,0.0,0.0,0.0,0.0
11597,47794,0.0,0.0,0.0,0.0,0.0
95440,63380,0.9970249163257716,0.0,0.0,0.0,0.0
80483,88952,0.0,0.0,0.0,0.0,0.0
1343,92873,0.0,0.0,0.0,0.0,0.0
236139,57053,0.9970249163257716,0.0,0.0,0.0,0.0
5280,277878,0.9970249163257716,0.0,0.0,0.0,0.0
102611,54119,0.0,0.0,0.0,0.0,0.0
47783,17117,0.9970249163257716,0.0,0.0,0.0,0.0
102195,433454,0.9970249163257716,0.0,0.0,0.0,0.0
10969,17622,0.0,0.0,0.0,0.0,0.0
11991,95881,1.0,0.0,0.0,0.0,0.0
89194,92027,0.0,0.0,0.0,0.0,0.0
1896,185437,0.9970249163257716,0.0,0.0,0.0,0.0
52087,22421,0.0,0.0,0.0,0.0,0.0
65644,27682,0.0,0.0,0.0,0.0,0.0
18575,25206,0.0,0.0,0.0,0.0,0.0
54070,90720,0.0,0.0,0.0,0.0,0.0
335718,13813,0.0,0.0,0.0,0.0,0.0
11025,12751,0.9970249163257716,0.0,0.9998140572703608,0.9998140572703608,0.0
8806,209695,0.0,0.0,0.0,0.0,0.0
9218,85191,0.0,0.0,0.0,0.0,0.0
39889,18142,0.9970249163257716,0.0,1.0,1.0,0.0
5193,89692,0.0,0.0,0.0,0.0,0.0
59945,129145,0.0,0.0,0.0,0.0,0.0
35729,5226,1.0,0.0,1.0,1.0,1.0
39853,13813,0.0,0.0,0.0,0.0,0.0
42574,10726,0.0,0.0,0.0,0.0,0.0
8835,56063,0.9970249163257716,0.0,0.0,0.0,0.0
15538,353388,0.9970249163257716,0.0,0.9998140572703608,0.9998140572703608,0.0
202206,10179,0.0,0.0,0.0,0.0,0.0
110210,372481,0.0,0.0,0.0,0.0,0.0
11960,356446,0.0,0.0,0.0,0.0,0.0
5011,307771,0.0,0.0,0.0,0.0,0.0
overall AUC,-,0.25898855729601666,0.0,0.11788547781058077,0.10598514311366737,0.04573997530813316
PR@25%,-,"['0.500', '0.575']","['0.500', '0.575']","['0.500', '0.575']","['0.500', '0.575']","['0.963', '0.485']"
PR@50%,-,"['0.500', '0.575']","['0.500', '0.575']","['0.500', '0.575']","['0.500', '0.575']","['0.822', '0.822']"
PR@75%,-,"['0.500', '0.575']","['0.500', '0.575']","['0.500', '0.575']","['0.500', '0.575']","['0.500', '1.000']"
